<?xml version="1.0" encoding="utf-8"?>
<!-- (c) Texas Instruments 2008-2011, All rights reserved.             -->
<!-- Filename:TMS570LS1224.xml                                     -->
<!-- Version: 1.0                                                      -->
<!--        - Preliminary, imported from TMS570LS1224                    -->
<!-- 17 May 2012                                                       -->
<device id="TMS570LS1224" partnum="TMS570LS1224" HW_revision="1" XML_version="1" desc="TMS570LS1224" description="TMS570LS1224 QFP/BGA, 1.25MB Flash, 192kB RAM">
    <property Type="stringfield" Value="real time" id="Startup Mode"/>
        <instance XML_version="1.2" desc="IcePick" href="routers/icepick_c.xml" id="IcePick_C_0" xml="icepick_c.xml" xmlpath="routers"/>
        <router HW_revision="1.0" XML_version="1.2" description="ICEPick_C Router" id="IcePick_C_0" isa="ICEPICK_C">
            <subpath desc="Port16" id="Port16">
                <property Type="numericfield" Value="16" id="Port Number"/>
                <property Type="choicelist" Value="1" id="Initial Configuration"/>
                <property Type="choicelist" Value="1" id="Custom Configuration"/>
                <property Type="choicelist" Value="0" id="Force Configuration"/>
                <instance XML_version="1.2" desc="Dap" href="routers/cs_dap.xml" id="CS_DAP_0" xml="cs_dap.xml" xmlpath="routers"/>
                <router HW_revision="" XML_version="1.2" description="CS_DAP Router" id="CS_DAP_0" isa="CS_DAP">
                    <subpath desc="PortR4" id="PortR4">
                        <property Type="choicelist" Value="0" id="Type"/>
                        <property Type="numericfield" Value="0" id="Port Number"/>
                        <property Type="choicelist" Value="1" id="Initial Configuration"/>
                        <property Type="choicelist" Value="1" id="Custom Configuration"/>
                        <property Type="choicelist" Value="0" id="Force Configuration"/>
                        <property Type="choicelist" Value="1" id="Pseudo"/>
                        <instance XML_version="1.2" desc="CortexR4" href="cpus/cortex_r4.xml" id="Cortex_R4_0" xml="cortex_r4.xml" xmlpath="cpus"/>
                        <cpu HW_revision="" XML_version="1.2" desc="CortexR4" description="Cortex_R4 CPU" id="Cortex_R4_0" isa="Cortex_R4">
                            <!--  Project Wizard Settings -->
                            <property Type="stringfield" Value="--silicon_version=7R4 --float_support=VFPv3D16 --abi=eabi --enum_type=packed --elf" id="CompilerBuildOptions" />
                            <property Type="stringfield" Value="--be32 --heap_size=0x800 --stack_size=0x800" id="LinkerBuildOptions"/>
                            <property Type="stringfield" Value="rtsv7R4_T_be_v3D16_eabi.lib" id="RTSlib" />
                            <property Type="stringfield" Value="4.9.5" id="MinCodegenVersion" />
                            <property Type="stringfield" Value="true" id="IsElfDefault" />
                             <!--  END Project Wizard Settings -->
                            <property Type="numericfield" Value="0x02000100" id="Access Port Designator"/>
                            <property Type="numericfield" Value="0x80001000" id="Address"/>
                            <property Type="filepathfield" Value="../../../emulation/gel/tms570ls1224.gel" id="GEL File"/>
                            <!-- Additional Core Registers -->
                            <instance href="../Modules/hercules/cp15_cortexr4f_r1p3.xml" id="Cp15" xml="cp15_cortexr4f_r1p3.xml" xmlpath="../Modules/hercules/" HW_revision="1.0" description="" requestor="TMS470RDX" baseaddr="0xFFF7C200" size="0x1FF" accessnumbytes="4" permissions="p" />
                            <instance href="../Modules/hercules/vfp_cortexr4f_r1p3.xml" id="Vfp" xml="vfp_cortexr4f_r1p3.xml" xmlpath="../Modules/hercules/" HW_revision="1.0" description="" requestor="TMS470RDX" baseaddr="0xFFF7C000" size="0x1FF" accessnumbytes="4" permissions="p" />
                            <!--  Periphal Modules Registers -->
                            <instance href="../Modules/hercules/hercules_awm_spec_1.2.x.xml" id="MibAdc2" xml="hercules_awm_spec_1.2.x.xml" xmlpath="../Modules/hercules/" HW_revision="1.0" description="" requestor="TMS470RDX" baseaddr="0xFFF7C200" size="0x1FF" accessnumbytes="4" permissions="p" />
                            <instance href="../Modules/hercules/hercules_awm_spec_1.2.x.xml" id="MibAdc1" xml="hercules_awm_spec_1.2.x.xml" xmlpath="../Modules/hercules/" HW_revision="1.0" description="" requestor="TMS470RDX" baseaddr="0xFFF7C000" size="0x1FF" accessnumbytes="4" permissions="p" />
                            <instance href="../Modules/hercules/hercules_dcan_spec_1.3.2.xml" id="Dcan3" xml="hercules_dcan_spec_1.3.2.xml" xmlpath="../Modules/hercules/" HW_revision="1.0" description="" requestor="TMS470RDX" baseaddr="0xFFF7E000" size="0x1FF" accessnumbytes="4" permissions="p" />
                            <instance href="../Modules/hercules/hercules_dcan_spec_1.3.2.xml" id="Dcan2" xml="hercules_dcan_spec_1.3.2.xml" xmlpath="../Modules/hercules/" HW_revision="1.0" description="" requestor="TMS470RDX" baseaddr="0xFFF7DE00" size="0x1FF" accessnumbytes="4" permissions="p" />
                            <instance href="../Modules/hercules/hercules_dcan_spec_1.3.2.xml" id="Dcan1" xml="hercules_dcan_spec_1.3.2.xml" xmlpath="../Modules/hercules/" HW_revision="1.0" description="" requestor="TMS470RDX" baseaddr="0xFFF7DC00" size="0x1FF" accessnumbytes="4" permissions="p" />
							<instance href="../Modules/hercules/hercules_ePWM_Type1_Registers_be.xml" id="ePWM1" xml="hercules_ePWM_Type1_Registers_be.xml" xmlpath="../Modules/hercules/" HW_revision="1.0" description="" requestor="TMS470RDX" baseaddr="0xFCF78C00" size="0xFF" accessnumbytes="4" permissions="p" />
							<instance href="../Modules/hercules/hercules_ePWM_Type1_Registers_be.xml" id="ePWM2" xml="hercules_ePWM_Type1_Registers_be.xml" xmlpath="../Modules/hercules/" HW_revision="1.0" description="" requestor="TMS470RDX" baseaddr="0xFCF78D00" size="0xFF" accessnumbytes="4" permissions="p" />
							<instance href="../Modules/hercules/hercules_ePWM_Type1_Registers_be.xml" id="ePWM3" xml="hercules_ePWM_Type1_Registers_be.xml" xmlpath="../Modules/hercules/" HW_revision="1.0" description="" requestor="TMS470RDX" baseaddr="0xFCF78E00" size="0xFF" accessnumbytes="4" permissions="p" />
							<instance href="../Modules/hercules/hercules_ePWM_Type1_Registers_be.xml" id="ePWM4" xml="hercules_ePWM_Type1_Registers_be.xml" xmlpath="../Modules/hercules/" HW_revision="1.0" description="" requestor="TMS470RDX" baseaddr="0xFCF78F00" size="0xFF" accessnumbytes="4" permissions="p" />
							<instance href="../Modules/hercules/hercules_ePWM_Type1_Registers_be.xml" id="ePWM5" xml="hercules_ePWM_Type1_Registers_be.xml" xmlpath="../Modules/hercules/" HW_revision="1.0" description="" requestor="TMS470RDX" baseaddr="0xFCF79000" size="0xFF" accessnumbytes="4" permissions="p" />
							<instance href="../Modules/hercules/hercules_ePWM_Type1_Registers_be.xml" id="ePWM6" xml="hercules_ePWM_Type1_Registers_be.xml" xmlpath="../Modules/hercules/" HW_revision="1.0" description="" requestor="TMS470RDX" baseaddr="0xFCF79100" size="0xFF" accessnumbytes="4" permissions="p" />
							<instance href="../Modules/hercules/hercules_ePWM_Type1_Registers_be.xml" id="ePWM7" xml="hercules_ePWM_Type1_Registers_be.xml" xmlpath="../Modules/hercules/" HW_revision="1.0" description="" requestor="TMS470RDX" baseaddr="0xFCF79200" size="0xFF" accessnumbytes="4" permissions="p" />
							<instance href="../Modules/hercules/hercules_eCAP_Type0_Registers_be.xml" id="eCAP1" xml="hercules_eCAP_Type0_Registers_be.xml" xmlpath="../Modules/hercules/" HW_revision="1.0" description="" requestor="TMS470RDX" baseaddr="0xFCF79300" size="0xFF" accessnumbytes="4" permissions="p" />
							<instance href="../Modules/hercules/hercules_eCAP_Type0_Registers_be.xml" id="eCAP2" xml="hercules_eCAP_Type0_Registers_be.xml" xmlpath="../Modules/hercules/" HW_revision="1.0" description="" requestor="TMS470RDX" baseaddr="0xFCF79400" size="0xFF" accessnumbytes="4" permissions="p" />
							<instance href="../Modules/hercules/hercules_eCAP_Type0_Registers_be.xml" id="eCAP3" xml="hercules_eCAP_Type0_Registers_be.xml" xmlpath="../Modules/hercules/" HW_revision="1.0" description="" requestor="TMS470RDX" baseaddr="0xFCF79500" size="0xFF" accessnumbytes="4" permissions="p" />
							<instance href="../Modules/hercules/hercules_eCAP_Type0_Registers_be.xml" id="eCAP4" xml="hercules_eCAP_Type0_Registers_be.xml" xmlpath="../Modules/hercules/" HW_revision="1.0" description="" requestor="TMS470RDX" baseaddr="0xFCF79600" size="0xFF" accessnumbytes="4" permissions="p" />
							<instance href="../Modules/hercules/hercules_eCAP_Type0_Registers_be.xml" id="eCAP5" xml="hercules_eCAP_Type0_Registers_be.xml" xmlpath="../Modules/hercules/" HW_revision="1.0" description="" requestor="TMS470RDX" baseaddr="0xFCF79700" size="0xFF" accessnumbytes="4" permissions="p" />
							<instance href="../Modules/hercules/hercules_eCAP_Type0_Registers_be.xml" id="eCAP6" xml="hercules_eCAP_Type0_Registers_be.xml" xmlpath="../Modules/hercules/" HW_revision="1.0" description="" requestor="TMS470RDX" baseaddr="0xFCF79800" size="0xFF" accessnumbytes="4" permissions="p" />
							<instance href="../Modules/hercules/hercules_eqep_type0_registers_be.xml" id="eQEP1" xml="hercules_eqep_type0_registers_be.xml" xmlpath="../Modules/hercules/" HW_revision="1.0" description="" requestor="TMS470RDX" baseaddr="0xFCF79900" size="0xFF" accessnumbytes="4" permissions="p" />
							<instance href="../Modules/hercules/hercules_eqep_type0_registers_be.xml" id="eQEP2" xml="hercules_eqep_type0_registers_be.xml" xmlpath="../Modules/hercules/" HW_revision="1.0" description="" requestor="TMS470RDX" baseaddr="0xFCF79A00" size="0xFF" accessnumbytes="4" permissions="p" />
                            <instance href="../Modules/hercules/hercules_gio_general_spec_1.2.1.xml" id="Gio" xml="hercules_gio_general_spec_1.2.1.xml" xmlpath="../Modules/hercules/" HW_revision="1.0" description="" requestor="TMS470RDX" baseaddr="0xFFF7BC00" size="0xFF" accessnumbytes="4" permissions="p" />
                            <instance href="../Modules/hercules/hercules_gio_port_a_spec_1.2.1.xml" id="GioA" xml="hercules_gio_port_a_spec_1.2.1.xml" xmlpath="../Modules/hercules/" HW_revision="1.0" description="" requestor="TMS470RDX" baseaddr="0xFFF7BC00" size="0xFF" accessnumbytes="4" permissions="p" />
                            <instance href="../Modules/hercules/hercules_gio_port_b_spec_1.2.1.xml" id="GioB" xml="hercules_gio_port_b_spec_1.2.1.xml" xmlpath="../Modules/hercules/" HW_revision="1.0" description="" requestor="TMS470RDX" baseaddr="0xFFF7BC00" size="0xFF" accessnumbytes="4" permissions="p" />
                            <instance href="../Modules/hercules/hercules_i2c_tms570ls3x.xml" id="I2C" xml="hercules_i2c_tms570ls3x.xml" xmlpath="../Modules/hercules/" HW_revision="1.0" description="" requestor="TMS470RDX" baseaddr="0xFFF7D400" size="0xFF" accessnumbytes="4" permissions="p" />
                            <instance href="../Modules/hercules/hercules_nhet_spec_1.1.5.xml" id="Nhet1" xml="hercules_nhet_spec_1.1.5.xml" xmlpath="../Modules/hercules/" HW_revision="1.0" description="" requestor="TMS470RDX" baseaddr="0xFFF7B800" size="0xFF" accessnumbytes="4" permissions="p" />
                            <instance href="../Modules/hercules/hercules_nhet_spec_1.1.5.xml" id="Nhet2" xml="hercules_nhet_spec_1.1.5.xml" xmlpath="../Modules/hercules/" HW_revision="1.0" description="" requestor="TMS470RDX" baseaddr="0xFFF7B900" size="0xFF" accessnumbytes="4" permissions="p" />
                            <instance href="../Modules/hercules/hercules_htu_spec_1.1.1d.xml" id="Htu1" xml="hercules_htu_spec_1.1.1d.xml" xmlpath="../Modules/hercules/" HW_revision="1.0" description="" requestor="TMS470RDX" baseaddr="0xFFF7A400" size="0xFF" accessnumbytes="4" permissions="p" />
                            <instance href="../Modules/hercules/hercules_htu_spec_1.1.1d.xml" id="Htu2" xml="hercules_htu_spec_1.1.1d.xml" xmlpath="../Modules/hercules/" HW_revision="1.0" description="" requestor="TMS470RDX" baseaddr="0xFFF7A500" size="0xFF" accessnumbytes="4" permissions="p" />
                            <instance href="../Modules/hercules/hercules_iomm_tms570ls3x.xml" id="IOMM" xml="hercules_iomm_tms570ls12x.xml" xmlpath="../Modules/hercules/" HW_revision="1.0" description="" requestor="TMS470RDX" baseaddr="0xFFFFEA00" size="0x1FF" accessnumbytes="4" permissions="p" />
                            <instance href="../Modules/hercules/hercules_mibspip_spec_3.5.1.xml" id="MibSpi1" xml="hercules_mibspi_spec_3.5.1.xml" xmlpath="../Modules/hercules/" HW_revision="1.0" description="" requestor="TMS470RDX" baseaddr="0xFFF7F400" size="0x1FF" accessnumbytes="4" permissions="p" />
                            <instance href="../Modules/hercules/hercules_mibspip_spec_3.5.1.xml" id="Spi2" xml="hercules_mibspi_spec_3.5.1.xml" xmlpath="../Modules/hercules/" HW_revision="1.0" description="" requestor="TMS470RDX" baseaddr="0xFFF7F600" size="0x1FF" accessnumbytes="4" permissions="p" />
                            <instance href="../Modules/hercules/hercules_mibspip_spec_3.5.1.xml" id="MibSpi3" xml="hercules_mibspi_spec_3.5.1.xml" xmlpath="../Modules/hercules/" HW_revision="1.0" description="" requestor="TMS470RDX" baseaddr="0xFFF7F800" size="0x1FF" accessnumbytes="4" permissions="p" />
                            <instance href="../Modules/hercules/hercules_mibspip_spec_3.5.1.xml" id="Spi4" xml="hercules_mibspi_spec_3.5.1.xml" xmlpath="../Modules/hercules/" HW_revision="1.0" description="" requestor="TMS470RDX" baseaddr="0xFFF7FA00" size="0x1FF" accessnumbytes="4" permissions="p" />
                            <instance href="../Modules/hercules/hercules_mibspip_spec_3.5.1.xml" id="MibSpip5" xml="hercules_mibspi_spec_3.5.1.xml" xmlpath="../Modules/hercules/" HW_revision="1.0" description="" requestor="TMS470RDX" baseaddr="0xFFF7FC00" size="0x1FF" accessnumbytes="4" permissions="p" />
                            <instance href="../Modules/hercules/hercules_sciblin_spec_2.0.2.xml" id="Lin2" xml="hercules_sciblin_spec_2.0.2.xml" xmlpath="../Modules/hercules/" HW_revision="1.0" description="" requestor="TMS470RDX" baseaddr="0xFFF7E500" size="0xFF" accessnumbytes="4" permissions="p" />
                            <instance href="../Modules/hercules/hercules_sciblin_spec_2.0.2.xml" id="Lin1" xml="hercules_sciblin_spec_2.0.2.xml" xmlpath="../Modules/hercules/" HW_revision="1.0" description="" requestor="TMS470RDX" baseaddr="0xFFF7E400" size="0xFF" accessnumbytes="4" permissions="p" />
                            <!--  System Modules Registers -->
                            <instance href="../Modules/hercules/hercules_ccmr4_spec_1.5.0.xml" id="CcmR4" xml="hercules_ccmr4_spec_1.5.0.xml" xmlpath="../Modules/hercules/" HW_revision="1.0" description="" requestor="TMS470RDX" baseaddr="0xFFFFF600" size="0xFF" accessnumbytes="4" permissions="p" />
                            <instance href="../Modules/hercules/hercules_mcrc_spec_1.1.1.xml" id="Crc" xml="hercules_mcrc_spec_1.1.1.xml" xmlpath="../Modules/hercules/" HW_revision="1.0" description="" requestor="TMS470RDX" baseaddr="0xFE000000" size="0xFFFFFF" accessnumbytes="4" permissions="p" />
                            <instance href="../Modules/hercules/hercules_dcc_spec_2.4.1.xml" id="Dcc1" xml="hercules_dcc_spec_2.4.1.xml" xmlpath="../Modules/hercules/" HW_revision="1.0" description="" requestor="TMS470RDX" baseaddr="0xFFFFEC00" size="0xFF" accessnumbytes="4" permissions="p" />
                            <instance href="../Modules/hercules/hercules_dcc_spec_2.4.1.xml" id="Dcc2" xml="hercules_dcc_spec_2.4.1.xml" xmlpath="../Modules/hercules/" HW_revision="1.0" description="" requestor="TMS470RDX" baseaddr="0xFFFFF400" size="0xFF" accessnumbytes="4" permissions="p" />
                            <instance href="../Modules/hercules/hercules_dma_spec_1.2.0.xml" id="Dma" xml="hercules_dma_spec_1.2.0.xml" xmlpath="../Modules/hercules/" HW_revision="1.0" description="" requestor="TMS470RDX" baseaddr="0xFFFFF000" size="0x3FF" accessnumbytes="4" permissions="p" />
                            <instance href="../Modules/hercules/hercules_esm_spec_1.0.4.xml" id="Esm" xml="hercules_esm_spec_1.0.4.xml" xmlpath="../Modules/hercules/" HW_revision="1.0" description="" requestor="TMS470RDX" baseaddr="0xFFFFF500" size="0xFF" accessnumbytes="4" permissions="p" />
                            <instance href="../Modules/hercules/hercules_fwm_spec_3.0.10.xml" id="FlashWrapper" xml="hercules_fwm_spec_3.0.10.xml" xmlpath="../Modules/hercules/" HW_revision="1.0" description="" requestor="TMS470RDX" baseaddr="0xFFF87000" size="0xFFF" accessnumbytes="4" permissions="p" />
                            <instance href="../Modules/hercules/hercules_pbist_spec_2.6.1.xml" id="Pbist" xml="hercules_pbist_spec_2.6.1.xml" xmlpath="../Modules/hercules/" HW_revision="1.0" description="" requestor="TMS470RDX" baseaddr="0xFFFFE400" size="0x1FF" accessnumbytes="4" permissions="p" />
                            <instance href="../Modules/hercules/hercules_pmm_tms570ls3x.xml" id="PMM" xml="hercules_pmm_tms570ls3x.xml" xmlpath="../Modules/hercules/" HW_revision="1.0" description="" requestor="TMS470RDX" baseaddr="0xFFFF0000" size="0x1FF" accessnumbytes="4" permissions="p" />
                            <instance href="../Modules/hercules/hercules_rti_spec_3.2.1.xml" id="Rti" xml="hercules_rti_spec_3.2.1.xml" xmlpath="../Modules/hercules/" HW_revision="1.0" description="" requestor="TMS470RDX" baseaddr="0xFFFFFC00" size="0xFF" accessnumbytes="4" permissions="p" />
                            <instance href="../Modules/hercules/hercules_stc_spec_1.3.0.xml" id="Stc" xml="hercules_stc_spec_1.3.0.xml" xmlpath="../Modules/hercules/" HW_revision="1.0" description="" requestor="TMS470RDX" baseaddr="0xFFFFE600" size="0xFF" accessnumbytes="4" permissions="p" />
                            <instance href="../Modules/hercules/hercules_sys_spec_4.7.2.xml" id="Sys" xml="hercules_sys_spec_4.7.2.xml" xmlpath="../Modules/hercules/" HW_revision="1.0" description="" requestor="TMS470RDX" baseaddr="0xFFFFFF00" size="0xFF" accessnumbytes="4" permissions="p" />
                            <instance href="../Modules/hercules/hercules_sys2_spec_4.7.2.xml" id="Sys2" xml="hercules_sys2_spec_4.7.2.xml" xmlpath="../Modules/hercules/" HW_revision="1.0" description="" requestor="TMS470RDX" baseaddr="0xFFFFE100" size="0xFF" accessnumbytes="4" permissions="p" />
                            <instance href="../Modules/hercules/hercules_vim_spec_1.6.1.xml" id="Vim" xml="hercules_vim_spec_1.6.1.xml" xmlpath="../Modules/hercules/" HW_revision="1.0" description="" requestor="TMS470RDX" baseaddr="0xFFFFFE00" size="0xFF" accessnumbytes="4" permissions="p" />
                            <instance href="../Modules/hercules/hercules_vimpar_spec_1.2.1.xml" id="VimPar" xml="hercules_vimpar_spec_1.2.1.xml" xmlpath="../Modules/hercules/" HW_revision="1.0" description="" requestor="TMS470RDX" baseaddr="0xFFFFFD00" size="0xFF" accessnumbytes="4" permissions="p" />
                            <instance href="../Modules/hercules/hercules_pom_spec_1.8.1.xml" id="Pom" xml="hercules_pom_spec_1.8.1.xml" xmlpath="../Modules/hercules/" HW_revision="1.0" description="" requestor="TMS470RDX" baseaddr="0xFFA04000" size="0xFFF" accessnumbytes="4" permissions="p" />
                            <instance href="../Modules/hercules/hercules_emif_spec_2.5.5.xml" id="Emif" xml="hercules_emif_spec_2.5.5.xml" xmlpath="../Modules/hercules/" HW_revision="1.0" description="" requestor="TMS470RDX" baseaddr="0xFCFFE800" size="0xFF" accessnumbytes="4" permissions="p" />
                            <instance href="../Modules/hercules/hercules_pcr_spec_4.7.2.xml" id="Pcr" xml="hercules_pcr_spec_4.7.2.xml" xmlpath="../Modules/hercules/" HW_revision="1.0" description="" requestor="TMS470RDX" baseaddr="0xFFFFE000" size="0xFF" accessnumbytes="4" permissions="p" />
                            <instance href="../Modules/hercules/hercules_rwm_spec_1.0.0.xml" id="RamWrapper_Even" xml="hercules_rwm_spec_1.0.0.xml" xmlpath="../Modules/hercules/" HW_revision="1.0" description="" requestor="TMS470RDX" baseaddr="0xFFFFF800" size="0xFF" accessnumbytes="4" permissions="p" />
                            <instance href="../Modules/hercules/hercules_rwm_spec_1.0.0.xml" id="RamWrapper_Odd" xml="hercules_rwm_spec_1.0.0.xml" xmlpath="../Modules/hercules/" HW_revision="1.0" description="" requestor="TMS470RDX" baseaddr="0xFFFFF900" size="0xFF" accessnumbytes="4" permissions="p" />
                        </cpu>
                    </subpath>
                </router>
            </subpath>
            <subpath desc="Port17" id="Port17">
                <property Type="numericfield" Value="17" id="Port Number"/>
            </subpath>
        </router>
</device>
<!--End Of File -->
