<?xml version="1.0" encoding="UTF-8"?>
<module id="Dcan" HW_revision="" XML_version="1" description="DCAN">

<!-- (c) Texas Instruments 2003-2011, All rights reserved. -->
<!-- Filename: Hercules_DCAN_spec_1.3.2                   -->
<!-- Version: 1.0                                          -->

  <register id="Ctrl" acronym="Ctrl" offset="0x00" width="32" description="Config register"></register>
  <register id="ErrStat" acronym="ErrStat" offset="0x04" width="32" description="Status register"></register>
  <register id="ErrCnt" acronym="ErrCnt" offset="0x08" width="32" description="Error Counter Register"></register>
  <register id="Btr" acronym="Btr" offset="0x0C" width="32" description="Bit Timing_BRP Extension Register"></register>
  <register id="IntR" acronym="IntR" offset="0x10" width="32" description="Interrupt Register"></register>
  <register id="Test" acronym="Test" offset="0x14" width="32" description="Test Register"></register>
  <register id="ParErr" acronym="ParErr" offset="0x1C" width="32" description="Parity Error Code Register"></register>
  <register id="Rel" acronym="Rel" offset="0x20" width="32" description="Core Release Register"></register>
  <register id="AboT" acronym="AboT" offset="0x80" width="32" description="Auto Bus On Time"></register>
  <register id="TrReqX" acronym="TrReqX" offset="0x84" width="32" description="Transmission Request X"></register>
  <register id="TrReq12" acronym="TrReq12" offset="0x88" width="32" description="Transmission Request 2-1"></register>
  <register id="TrReq34" acronym="TrReq34" offset="0x8C" width="32" description="Transmission Request 4-3"></register>
  <register id="TrReq56" acronym="TrReq56" offset="0x90" width="32" description="Transmission Request 6-5"></register>
  <register id="TrReq78" acronym="TrReq78" offset="0x94" width="32" description="Transmission Request 8-7"></register>
  <register id="NewDatX" acronym="NewDatX" offset="0x98" width="32" description="New Data X"></register>
  <register id="NewDat12" acronym="NewDat12" offset="0x9C" width="32" description="New Data 2-1"></register>
  <register id="NewDat34" acronym="NewDat34" offset="0xA0" width="32" description="New Data 4-3"></register>
  <register id="NewDat56" acronym="NewDat56" offset="0xA4" width="32" description="New Data 6-5"></register>
  <register id="NewDat78" acronym="NewDat78" offset="0xA8" width="32" description="New Data 8-7"></register>
  <register id="IntPenX" acronym="IntPenX" offset="0xAC" width="32" description="Interrupt Pending X"></register>
  <register id="IntPen12" acronym="IntPen12" offset="0xB0" width="32" description="Interrupt Pending 2-1"></register>
  <register id="IntPen34" acronym="IntPen34" offset="0xB4" width="32" description="Interrupt Pending 4-3"></register>
  <register id="IntPen56" acronym="IntPen56" offset="0xB8" width="32" description="Interrupt Pending 6-5"></register>
  <register id="IntPen78" acronym="IntPen78" offset="0xBC" width="32" description="Interrupt Pending 8-7"></register>
  <register id="MsgValX" acronym="MsgValX" offset="0xC0" width="32" description="Message Valid X"></register>
  <register id="MsgVal12" acronym="MsgVal12" offset="0xC4" width="32" description="Message Valid 2-1"></register>
  <register id="MsgVal34" acronym="MsgVal34" offset="0xC8" width="32" description="Message Valid 4-3"></register>
  <register id="MsgVal56" acronym="MsgVal56" offset="0xCC" width="32" description="Message Valid 6-5"></register>
  <register id="MsgVal78" acronym="MsgVal78" offset="0xD0" width="32" description="Message Valid 8-7"></register>
  <register id="IntPndMx12" acronym="IntPndMx12" offset="0xD8" width="32" description="IntPndMux 2-1"></register>
  <register id="IntPndMx34" acronym="IntPndMx34" offset="0xDC" width="32" description="IntPndMux 4-3"></register>
  <register id="IntPndMx56" acronym="IntPndMx56" offset="0xE0" width="32" description="IntPndMux 6-5"></register>
  <register id="IntPndMx78" acronym="IntPndMx78" offset="0xE4" width="32" description="IntPndMux 8-7"></register>
  <register id="If1Cmd" acronym="If1Cmd" offset="0x100" width="32" description="If1 Command Mask / Command Request Register"></register>
  <register id="If1Msk" acronym="If1Msk" offset="0x104" width="32" description="If1 Mask Register"></register>
  <register id="If1Arb" acronym="If1Arb" offset="0x108" width="32" description="If1 Arbitation Register"></register>
  <register id="If1MsgCtrl" acronym="If1MsgCtrl" offset="0x10C" width="32" description="If1 Message Control Register"></register>
  <register id="If1DatA" acronym="If1DatA" offset="0x110" width="32" description="If1 Data A Register"></register>
  <register id="If1DatB" acronym="If1DatB" offset="0x114" width="32" description="If1 Data B Register"></register>
  <register id="If2Com" acronym="If2Com" offset="0x120" width="32" description="If2 Command Mask / Command Request Register"></register>
  <register id="If2Msk" acronym="If2Msk" offset="0x124" width="32" description="If2 Mask Register"></register>
  <register id="If2Arb" acronym="If2Arb" offset="0x128" width="32" description="If2 Arbitation Register"></register>
  <register id="If2MsgCtrl" acronym="If2MsgCtrl" offset="0x12C" width="32" description="If2 Message Control Register"></register>
  <register id="If2DatA" acronym="If2DatA" offset="0x130" width="32" description="If2 Data A Register"></register>
  <register id="If2DatB" acronym="If2DatB" offset="0x134" width="32" description="If2 Data B Register"></register>
  <register id="If3Obs" acronym="If3Obs" offset="0x140" width="32" description="If3 Observation Register"></register>
  <register id="If3Msk" acronym="If3Msk" offset="0x144" width="32" description="If3 Mask Register"></register>
  <register id="If3Arb" acronym="If3Arb" offset="0x148" width="32" description="If3 Arbitation Register"></register>
  <register id="If3MsgCtrl" acronym="If3MsgCtrl" offset="0x14C" width="32" description="If3 Message Control Register"></register>
  <register id="If3DatA" acronym="If3DatA" offset="0x150" width="32" description="If3 Data A Register"></register>
  <register id="If3DatB" acronym="If3DatB" offset="0x154" width="32" description="If3 Data B Register"></register>
  <register id="If3Upd12" acronym="If3Upd12" offset="0x160" width="32" description="Update enable 2-1 Register"></register>
  <register id="If3Upd34" acronym="If3Upd34" offset="0x164" width="32" description="Update enable 4-3 Register"></register>
  <register id="If3Upd56" acronym="If3Upd56" offset="0x168" width="32" description="Update enable 6-5 Register"></register>
  <register id="If3Upd78" acronym="If3Upd78" offset="0x16C" width="32" description="Update enable 8-7 Register"></register>
  <register id="IoCtrlTx" acronym="IoCtrlTx" offset="0x1E0" width="32" description="TX IO Control Register"></register>
  <register id="IoCtrlRx" acronym="IoCtrlRx" offset="0x1E4" width="32" description="RX IO Control Register"></register>
</module>
