<?xml version="1.0" encoding="UTF-8"?>
<module id="Esm" HW_revision="" XML_version="1" description="Error Signaling Module">

<!-- (c) Texas Instruments 2003-2012, All rights reserved. -->
<!-- Filename:Hercules_ESM_spec_0.97.xml                     -->
<!-- Version:1.0                                           -->
<!-- Version:1.1 Corrected the address of EKR and SStat2     -->

  <register id="IflErrPinSet1" acronym="IflErrPinSet1" offset="0x00" width="32" description="Influence Error Pin Set/Status Register 1"></register>
  <register id="IflErrPinClr1" acronym="IflErrPinClr1" offset="0x04" width="32" description="Influence Error Pin Clear/Status Register 1"></register>
  <register id="IntEnaSet1" acronym="IntEnaSet1" offset="0x08" width="32" description="Interrupt Enable Set/Status Register 1"></register>
  <register id="IntEnaClr1" acronym="IntEnaClr1" offset="0x0C" width="32" description="Interrupt Enable Clear/Status Register 1"></register>
  <register id="IntLvlSet1" acronym="IntLvlSet1" offset="0x10" width="32" description="Interrupt Level Set/Status Register 1"></register>
  <register id="IntLvlClr1" acronym="IntLvlClr1" offset="0x14" width="32" description="Interrupt Level Clear/Status Register 1"></register>
  <register id="Stat1" acronym="Stat1" offset="0x18" width="32" description="Status Register 1"></register>
  <register id="Stat2" acronym="Stat2" offset="0x1C" width="32" description="Status Register 2"></register>
  <register id="Stat3" acronym="Stat3" offset="0x20" width="32" description="Status Register 3"></register>
  <register id="ErrPinStat" acronym="ErrPinStat" offset="0x24" width="32" description="Error Pin Status Register"></register>
  <register id="IntOffstHgh" acronym="IntOffstHgh" offset="0x28" width="32" description="Interrupt Offset High Register"></register>
  <register id="IntOffstLow" acronym="IntOffstLow" offset="0x2C" width="32" description="Interrupt Offset Low Register"></register>
  <register id="LtCnt" acronym="LtCnt" offset="0x30" width="32" description="Low-Time Counter Register"></register>
  <register id="LtCntPre" acronym="LtCntPre" offset="0x34" width="32" description="Low-Time Counter Preload Register"></register>
  <register id="ErrKey" acronym="ErrKey" offset="0x38" width="32" description="Error Key Register"></register>
  <register id="ShdwStat2" acronym="ShdwStat2" offset="0x3C" width="32" description="Status Shadow Register"></register>
  <register id="IflErrPinSet4" acronym="IflErrPinSet4" offset="0x40" width="32" description="Influence Error Pin Set/Status Register 4"></register>
  <register id="IflErrPinClr4" acronym="IflErrPinClr4" offset="0x44" width="32" description="Influence Error Pin Clear/Status Register 4"></register>
  <register id="IntEnaSet4" acronym="IntEnaSet4" offset="0x48" width="32" description="Interrupt Enable Set/Status Register 4"></register>
  <register id="IntEnaClr4" acronym="IntEnaClr4" offset="0x4C" width="32" description="Interrupt Enable Clear/Status Register 4"></register>
  <register id="IntLvlSet4" acronym="IntLvlSet4" offset="0x50" width="32" description="Interrupt Level Set/Status Register 4"></register>
  <register id="IntLvlClr4" acronym="IntLvlClr4" offset="0x54" width="32" description="Interrupt Level Clear/Status Register 4"></register>
  <register id="Stat4" acronym="Stat4" offset="0x58" width="32" description="Status Register 4"></register>
</module>
