<?xml version="1.0" encoding="UTF-8"?>
<module id="GioA" HW_revision="" XML_version="1" description="General Purpose Input Output">

<!-- (c) Texas Instruments 2003-2012, All rights reserved. -->
<!-- Filename:Hercules_GIO_portA_spec_1.2.xml                -->
<!-- Version:1.0                                           -->

  <register id="Dir" acronym="Dir" offset="0x34" width="32" description="Data Direction Gio A"></register>
  <register id="DIn" acronym="DIn" offset="0x38" width="32" description="Data Input Gio A"></register>
  <register id="DOut" acronym="DOut" offset="0x3C" width="32" description="Data Output Gio A"></register>
  <register id="DSet" acronym="DSet" offset="0x40" width="32" description="Data Set Gio A"></register>
  <register id="DClr" acronym="DClr" offset="0x44" width="32" description="Data Clear Gio A"></register>
  <register id="PDr" acronym="PDr" offset="0x48" width="32" description="Open Drain Gio A"></register>
  <register id="PDis" acronym="PDis" offset="0x4C" width="32" description="Pull Disable Gio A"></register>
  <register id="PSel" acronym="PSel" offset="0x50" width="32" description="Pull Select Gio A"></register>
  <register id="Srs" acronym="Srs" offset="0x134" width="32" description="Slew Rate Select Gio A"></register>
</module>
