<?xml version="1.0" encoding="UTF-8"?>
<module id="GioB" HW_revision="" XML_version="1" description="General Purpose Input Output">

<!-- (c) Texas Instruments 2003-2012, All rights reserved. -->
<!-- Filename:Hercules_GIO_portB_spec_1.2.xml                -->
<!-- Version:1.0                                           -->

  <register id="Dir" acronym="Dir" offset="0x54" width="32" description="Data Direction Gio B"></register>
  <register id="DIn" acronym="DIn" offset="0x58" width="32" description="Data Input Gio B"></register>
  <register id="DOut" acronym="DOut" offset="0x5C" width="32" description="Data Output Gio B"></register>
  <register id="DSet" acronym="DSet" offset="0x60" width="32" description="Data Set Gio B"></register>
  <register id="DClr" acronym="DClr" offset="0x64" width="32" description="Data Clear Gio B"></register>
  <register id="PDr" acronym="PDr" offset="0x68" width="32" description="Open Drain Gio B"></register>
  <register id="PDis" acronym="PDis" offset="0x6C" width="32" description="Pull Disable Gio B"></register>
  <register id="PSel" acronym="PSel" offset="0x70" width="32" description="Pull Select Gio B"></register>
  <register id="Srs" acronym="Srs" offset="0x138" width="32" description="Slew Rate Select Gio B"></register>
</module>
