<?xml version="1.0" encoding="UTF-8"?>
<module id="DCC" HW_revision="" XML_version="1" description="Dual Clock Comparator">

<!-- (c) Texas Instruments 2003-2012, All rights reserved. -->
<!-- Filename: Hercules_DCC_spec_2.4.1.xml                     -->
<!-- Version: 1.0                                          -->


	<register id="GCtrl" acronym="GCtrl" offset="0x00" width="32" description="Global Control Register ">
	</register>
	
	<register id="Rev" acronym="Rev" offset="0x04" width="32" description="Revision ID ">
	</register>

	<register id="CntSeed0" acronym="CntSeed0" offset="0x08" width="32" description="Count0 Seed Value ">
	</register>

	<register id="ValidSeed0" acronym="ValidSeed0" offset="0x0C" width="32" description="Valid0 Seed Value ">
	</register>

	<register id="CntSeed1" acronym="CntSeed1" offset="0x10" width="32" description="Count1 Seed Value ">
	</register>
	
	<register id="Stat" acronym="Stat" offset="0x14" width="32" description="Status Register ">
	</register>

	<register id="Cnt0" acronym="Cnt0" offset="0x18" width="32" description="Count0 Value Register ">
	</register>

	<register id="Valid0" acronym="Valid0" offset="0x1C" width="32" description="Valid0 Value Register ">
	</register>

	<register id="Cnt1" acronym="Cnt1" offset="0x20" width="32" description="Count1 Value Register ">
	</register>
	
	<register id="ClkSrc1" acronym="ClkSrc1" offset="0x24" width="32" description="Clock Source Selection Register 1 ">
	</register>	

	<register id="ClkSrc0" acronym="ClkSrc0" offset="0x28" width="32" description="Clock Source Selection Register 0 ">
	</register>	


	
	
</module>

