<?xml version="1.0" encoding="UTF-8"?>
<module id="Stc" HW_revision="" XML_version="1" description="Self Test Controller">

<!-- (c) Texas Instruments 2003-2012, All rights reserved. -->
<!-- Filename: Hercules_STC_spec_1.3.0.xml                  -->
<!-- Version: 1.0                                          -->
<!--        1.1 Updated Register offset for Cpu1_xx        -->
<!--            Updated Description of registers           -->

  <register id="GlbCtrl0" acronym="GlbCtrl0" offset="0x00" width="32" description="Global Control Register 0"></register>
  <register id="GlbCtrl1" acronym="GlbCtrl1" offset="0x04" width="32" description="Global Control Register 1"></register>
  <register id="Tpr" acronym="Tpr" offset="0x08" width="32" description="Run TimeOut Counter Preload Register"></register>
  <register id="CAddr" acronym="CAddr" offset="0x0C" width="32" description="Current ROM Address Register"></register>
  <register id="CICnt" acronym="CICnt" offset="0x10" width="32" description="Current Interval Count Register"></register>
  <register id="GStat" acronym="GStat" offset="0x14" width="32" description="SelfTest Global Status Register"></register>
  <register id="FStat" acronym="FStat" offset="0x18" width="32" description="Fail Status Register"></register>
  <register id="Cpu1CurMisr3" acronym="Cpu1CurMisr3" offset="0x1C" width="32" description="Cpu 1 Current Misr Register"></register>
  <register id="Cpu1CurMisr2" acronym="Cpu1CurMisr2" offset="0x20" width="32" description="Cpu 1 Current Misr Register"></register>
  <register id="Cpu1CurMisr1" acronym="Cpu1CurMisr1" offset="0x24" width="32" description="Cpu 1 Current Misr Register"></register>
  <register id="Cpu1CurMisr0" acronym="Cpu1CurMisr0" offset="0x28" width="32" description="Cpu 1 Current Misr Register"></register>
  <register id="Cpu2CurMisr3" acronym="Cpu2CurMisr3" offset="0x2C" width="32" description="Cpu 2 Current Misr Register"></register>
  <register id="Cpu2CurMisr2" acronym="Cpu2CurMisr2" offset="0x30" width="32" description="Cpu 2 Current Misr Register"></register>
  <register id="Cpu2CurMisr1" acronym="Cpu2CurMisr1" offset="0x34" width="32" description="Cpu 2 Current Misr Register"></register>
  <register id="Cpu2CurMisr0" acronym="Cpu2CurMisr0" offset="0x38" width="32" description="Cpu 2 Current Misr Register"></register>
  <register id="Stcscscr" acronym="Stcscscr" offset="0x3C" width="32" description="Signature Compare Self Check Register"></register>
</module>
