<?xml version="1.0" encoding="UTF-8"?>
<module id="Vim" HW_revision="" XML_version="1" description="Vectored Interrupt Manager">

<!-- (c) Texas Instruments 2003-2012, All rights reserved. -->
<!-- Filename:Hercules_VIM_spec_1.6.1.xml                     -->
<!-- Version:1.0                                           -->

  <register id="IrqIVec" acronym="IrqIVec" offset="0x00" width="32" description="Index Offset Vector Register"></register>
  <register id="FiqIVec" acronym="FiqIVec" offset="0x04" width="32" description="Index Offset Vector Register"></register>
  <register id="FIrqPr0" acronym="FIrqPr0" offset="0x10" width="32" description="Program Control Register"></register>
  <register id="FIrqPr1" acronym="FIrqPr1" offset="0x14" width="32" description="Program Control Register"></register>
  <register id="FIrqPr2" acronym="FIrqPr2" offset="0x18" width="32" description="Program Control Register"></register>
  <register id="IntReq0" acronym="IntReq0" offset="0x20" width="32" description="Pending Interrupt Read Location"></register>
  <register id="IntReq1" acronym="IntReq1" offset="0x24" width="32" description="Pending Interrupt Read Location"></register>
  <register id="IntReq2" acronym="IntReq2" offset="0x28" width="32" description="Pending Interrupt Read Location"></register>
  <register id="ReqMaskSet0" acronym="ReqMaskSet0" offset="0x30" width="32" description="Interrupt Mask Set Register"></register>
  <register id="ReqMaskSet1" acronym="ReqMaskSet1" offset="0x34" width="32" description="Interrupt Mask Set Register"></register>
  <register id="ReqMaskSet2" acronym="ReqMaskSet2" offset="0x38" width="32" description="Interrupt Mask Set Register"></register>
  <register id="ReqMaskClr0" acronym="ReqMaskClr0" offset="0x40" width="32" description="Interrupt Mask Clear Register"></register>
  <register id="ReqMaskClr1" acronym="ReqMaskClr1" offset="0x44" width="32" description="Interrupt Mask Clear Register"></register>
  <register id="ReqMaskClr2" acronym="ReqMaskClr2" offset="0x48" width="32" description="Interrupt Mask Clear Register"></register>
  <register id="WakeMaskSet0" acronym="WakeMaskSet0" offset="0x50" width="32" description="Wake-up Mask Set Register"></register>
  <register id="WakeMaskSet1" acronym="WakeMaskSet1" offset="0x54" width="32" description="Wake-up Mask Set Register"></register>
  <register id="WakeMaskSet2" acronym="WakeMaskSet2" offset="0x58" width="32" description="Wake-up Mask Set Register"></register>
  <register id="WakeMaskClr0" acronym="WakeMaskClr0" offset="0x60" width="32" description="Wake-up Mask Clear Register"></register>
  <register id="WakeMaskClr1" acronym="WakeMaskClr1" offset="0x64" width="32" description="Wake-up Mask Clear Register"></register>
  <register id="WakeMaskClr2" acronym="WakeMaskClr2" offset="0x68" width="32" description="Wake-up Mask Clear Register"></register>
  <register id="IrqVecReg" acronym="IrqVecReg" offset="0x70" width="32" description="Irq Interrupt Vector Register"></register>
  <register id="FiqVecReg" acronym="FiqVecReg" offset="0x74" width="32" description="Fiq Interrupt Vector Register"></register>
  <register id="CapEvtSrc" acronym="CapEvtSrc" offset="0x78" width="32" description="Capture Event register"></register>
  <register id="ChanCtrl0" acronym="ChanCtrl0" offset="0x80" width="32" description="Channel Mapping Register"></register>
  <register id="ChanCtrl1" acronym="ChanCtrl1" offset="0x84" width="32" description="Channel Mapping Register"></register>
  <register id="ChanCtrl2" acronym="ChanCtrl2" offset="0x88" width="32" description="Channel Mapping Register"></register>
  <register id="ChanCtrl3" acronym="ChanCtrl3" offset="0x8C" width="32" description="Channel Mapping Register"></register>
  <register id="ChanCtrl4" acronym="ChanCtrl4" offset="0x90" width="32" description="Channel Mapping Register"></register>
  <register id="ChanCtrl5" acronym="ChanCtrl5" offset="0x94" width="32" description="Channel Mapping Register"></register>
  <register id="ChanCtrl6" acronym="ChanCtrl6" offset="0x98" width="32" description="Channel Mapping Register"></register>
  <register id="ChanCtrl7" acronym="ChanCtrl7" offset="0x9C" width="32" description="Channel Mapping Register"></register>
  <register id="ChanCtrl8" acronym="ChanCtrl8" offset="0xA0" width="32" description="Channel Mapping Register"></register>
  <register id="ChanCtrl9" acronym="ChanCtrl9" offset="0xA4" width="32" description="Channel Mapping Register"></register>
  <register id="ChanCtrl10" acronym="ChanCtrl10" offset="0xA8" width="32" description="Channel Mapping Register"></register>
  <register id="ChanCtrl11" acronym="ChanCtrl11" offset="0xAC" width="32" description="Channel Mapping Register"></register>
  <register id="ChanCtrl12" acronym="ChanCtrl12" offset="0xB0" width="32" description="Channel Mapping Register"></register>
  <register id="ChanCtrl13" acronym="ChanCtrl13" offset="0xB4" width="32" description="Channel Mapping Register"></register>
  <register id="ChanCtrl14" acronym="ChanCtrl14" offset="0xB8" width="32" description="Channel Mapping Register"></register>
  <register id="ChanCtrl15" acronym="ChanCtrl15" offset="0xBC" width="32" description="Channel Mapping Register"></register>
  <register id="ChanCtrl16" acronym="ChanCtrl16" offset="0xC0" width="32" description="Channel Mapping Register"></register>
  <register id="ChanCtrl17" acronym="ChanCtrl17" offset="0xC4" width="32" description="Channel Mapping Register"></register>
  <register id="ChanCtrl18" acronym="ChanCtrl18" offset="0xC8" width="32" description="Channel Mapping Register"></register>
  <register id="ChanCtrl19" acronym="ChanCtrl19" offset="0xCC" width="32" description="Channel Mapping Register"></register>
  <register id="ChanCtrl20" acronym="ChanCtrl20" offset="0xD0" width="32" description="Channel Mapping Register"></register>
  <register id="ChanCtrl21" acronym="ChanCtrl21" offset="0xD4" width="32" description="Channel Mapping Register"></register>
  <register id="ChanCtrl22" acronym="ChanCtrl22" offset="0xD8" width="32" description="Channel Mapping Register"></register>
  <register id="ChanCtrl23" acronym="ChanCtrl23" offset="0xDC" width="32" description="Channel Mapping Register"></register>
</module>
