<?xml version="1.0" encoding="UTF-8"?>
<module id="VimPar" HW_revision="" XML_version="1" description="Vectored Interrupt Manager Parity">

<!-- (c) Texas Instruments 2003-2012, All rights reserved. -->
<!-- Filename:Hercules_VIMPar_spec_1.2.1.xml                     -->
<!-- Version:1.0                                           -->

  <register id="ParFlg" acronym="ParFlg" offset="0xEC" width="32" description="VIM RAM parity Flag register"></register>
  <register id="ParCtl" acronym="ParCtl" offset="0xF0" width="32" description="VIM RAM parity control register"></register>
  <register id="AddErr" acronym="AddErr" offset="0xF4" width="32" description="Address Parity Error Register"></register>
  <register id="FbParErr" acronym="FbParErr" offset="0xF8" width="32" description="Fall back Address Parity Error Register"></register>
</module>
