<?xml version="1.0" encoding="UTF-8"?>
<module id="Adm" HW_revision="" XML_version="1" description="Analog to Digital Module">

<!-- (c) Texas Instruments, All rights reserved. -->
<!-- Filename:Hercules_AWM_spec_1.2.x.xml                    -->
<!-- Version:1.0                                           -->

  <register id="RstCtrl" acronym="RstCtrl" offset="0x00" width="32" description="Reset Control Register"></register>
  <register id="OpModeCtrl" acronym="OpModeCtrl" offset="0x04" width="32" description="Operation Mode Control Register"></register>
  <register id="ClckCtrl" acronym="ClckCtrl" offset="0x08" width="32" description="Clock Prescaler"></register>
  <register id="CalCtrl" acronym="CalCtrl" offset="0x0C" width="32" description="Calibration Control Register"></register>
  <register id="EvModeCtrl" acronym="EvModeCtrl" offset="0x10" width="32" description="Ev Mode Control Register"></register>
  <register id="G1ModeCtrl" acronym="G1ModeCtrl" offset="0x14" width="32" description="G1 Mode Control Register"></register>
  <register id="G2ModeCtrl" acronym="G2ModeCtrl" offset="0x18" width="32" description="G2 Mode Control Register"></register>
  <register id="EvSrc" acronym="EvSrc" offset="0x1C" width="32" description="Event Group Trigger Source Select"></register>
  <register id="G1Src" acronym="EvG1Src" offset="0x20" width="32" description="Group 1 Trigger Source Select"></register>
  <register id="G2Src" acronym="G2Src" offset="0x24" width="32" description="Group 2 Trigger Source Select"></register>
  <register id="EvIntEna" acronym="EvIntEna" offset="0x28" width="32" description="Event Group Interrupt Enable"></register>
  <register id="G1IntEna" acronym="G1IntEna" offset="0x2C" width="32" description="Group 1 Interrupt Enable"></register>
  <register id="G2IntEna" acronym="G2IntEna" offset="0x30" width="32" description="Group 2 Interrupt Enable"></register>
  <register id="EvIntFlg" acronym="EvIntFlg" offset="0x34" width="32" description="Event Group Interrupt Flg"></register>
  <register id="G1IntFlg" acronym="G1IntFlg" offset="0x38" width="32" description="Group 1 Interrupt Flg"></register>
  <register id="G2IntFlg" acronym="G2IntFlg" offset="0x3C" width="32" description="Group 2 Interrupt Flg"></register>
  <register id="EvIntCtrl" acronym="EvIntCtrl" offset="0x40" width="32" description="Event Group Interrupt Threshold Counter"></register>
  <register id="G1IntCtrl" acronym="G1IntCtrl" offset="0x44" width="32" description="Group 1 Interrupt Threshold Counter"></register>
  <register id="G2IntCtrl" acronym="G2IntCtrl" offset="0x48" width="32" description="Group 2 Interrupt Threshold Counter"></register>
  <register id="EvDmaCtrl" acronym="EvDmaCtrl" offset="0x4C" width="32" description="Event Group Dma Control Register"></register>
  <register id="G1DmaCtrl" acronym="G1DmaCtrl" offset="0x50" width="32" description="Group 1 Dma Control Register"></register>
  <register id="G2DmaCtrl" acronym="G2DmaCtrl" offset="0x54" width="32" description="Group 2 Dma Control Register"></register>
  <register id="BndCtrl" acronym="BndCtrl" offset="0x58" width="32" description="Buffer Boundary Control Register"></register>
  <register id="BndEnd" acronym="BndEnd" offset="0x5C" width="32" description="Buffer End Boundary"></register>
  <register id="EvSamp" acronym="EvSamp" offset="0x60" width="32" description="Event Group Sample Window"></register>
  <register id="G1Samp" acronym="G1Samp" offset="0x64" width="32" description="Group 1 Sample Window"></register>
  <register id="G2Samp" acronym="G2Samp" offset="0x68" width="32" description="Group 2 Sample Window"></register>
  <register id="EvSr" acronym="EvSr" offset="0x6C" width="32" description="Event Group Status Register"></register>
  <register id="G1Sr" acronym="G1Sr" offset="0x70" width="32" description="Group 1 Status Register"></register>
  <register id="G2Sr" acronym="G2Sr" offset="0x74" width="32" description="Group 2 Status Register"></register>
  <register id="EvSel" acronym="EvSel" offset="0x78" width="32" description="Event Group select register"></register>
  <register id="G1Sel" acronym="G1Sel" offset="0x7C" width="32" description="Group 1 select register"></register>
  <register id="G2Sel" acronym="G2Sel" offset="0x80" width="32" description="Group 2 select register"></register>
  <register id="CalR" acronym="CalR" offset="0x84" width="32" description="Calibration Register"></register>
  <register id="SmState" acronym="SmState" offset="0x88" width="32" description="State Macine Current State"></register>
  <register id="LastConv" acronym="LastConv" offset="0x8C" width="32" description=" Last Conversion"></register>
  <register id="EvBuffer1" acronym="EvBuffer1" offset="0x90" width="32" description="Event Group Buffer"></register>
  <register id="EvBuffer2" acronym="EvBuffer2" offset="0x94" width="32" description="Event Group Buffer"></register>
  <register id="EvBuffer3" acronym="EvBuffer3" offset="0x98" width="32" description="Event Group Buffer"></register>
  <register id="EvBuffer4" acronym="EvBuffer4" offset="0x9C" width="32" description="Event Group Buffer"></register>
  <register id="EvBuffer5" acronym="EvBuffer5" offset="0xA0" width="32" description="Event Group Buffer"></register>
  <register id="EvBuffer6" acronym="EvBuffer6" offset="0xA4" width="32" description="Event Group Buffer"></register>
  <register id="EvBuffer7" acronym="EvBuffer7" offset="0xA8" width="32" description="Event Group Buffer"></register>
  <register id="EvBuffer8" acronym="EvBuffer8" offset="0xAC" width="32" description="Event Group Buffer"></register>
  <register id="G1Buffer1" acronym="G1Buffer1" offset="0xB0" width="32" description="Group 1 Buffer"></register>
  <register id="G1Buffer2" acronym="G1Buffer2" offset="0xB4" width="32" description="Group 1 Buffer"></register>
  <register id="G1Buffer3" acronym="G1Buffer3" offset="0xB8" width="32" description="Group 1 Buffer"></register>
  <register id="G1Buffer4" acronym="G1Buffer4" offset="0xBC" width="32" description="Group 1 Buffer"></register>
  <register id="G1Buffer5" acronym="G1Buffer5" offset="0xC0" width="32" description="Group 1 Buffer"></register>
  <register id="G1Buffer6" acronym="G1Buffer6" offset="0xC4" width="32" description="Group 1 Buffer"></register>
  <register id="G1Buffer7" acronym="G1Buffer7" offset="0xC8" width="32" description="Group 1 Buffer"></register>
  <register id="G1Buffer8" acronym="G1Buffer8" offset="0xCC" width="32" description="Group 1 Buffer"></register>
  <register id="G2Buffer1" acronym="G2Buffer1" offset="0xD0" width="32" description="Group 2 Buffer"></register>
  <register id="G2Buffer2" acronym="G2Buffer2" offset="0xD4" width="32" description="Group 2 Buffer"></register>
  <register id="G2Buffer3" acronym="G2Buffer3" offset="0xD8" width="32" description="Group 2 Buffer"></register>
  <register id="G2Buffer4" acronym="G2Buffer4" offset="0xDC" width="32" description="Group 2 Buffer"></register>
  <register id="G2Buffer5" acronym="G2Buffer5" offset="0xE0" width="32" description="Group 2 Buffer"></register>
  <register id="G2Buffer6" acronym="G2Buffer6" offset="0xE4" width="32" description="Group 2 Buffer"></register>
  <register id="G2Buffer7" acronym="G2Buffer7" offset="0xE8" width="32" description="Group 2 Buffer"></register>
  <register id="G2Buffer8" acronym="G2Buffer8" offset="0xEC" width="32" description="Group 2 Buffer"></register>
  <register id="EvEmuBuffer" acronym="EvEmuBuffer" offset="0xF0" width="32" description="Event Group Emu Buffer"></register>
  <register id="G1EmuBuffer" acronym="G1EmuBuffer" offset="0xF4" width="32" description="Group 1 Emu Buffer"></register>
  <register id="G2EmuBuffer" acronym="G2EmuBuffer" offset="0xF8" width="32" description="Group 2 Emu Buffer"></register>
  <register id="EvDir" acronym="EvDir" offset="0xFC" width="32" description="Event Group pin direction selection"></register>
  <register id="EvDOut" acronym="EvDOut" offset="0x100" width="32" description="Event Group pin data output"></register>
  <register id="EvDIn" acronym="EvDIn" offset="0x104" width="32" description="Event Group pin input value"></register>
  <register id="EvDSet" acronym="EvDSet" offset="0x108" width="32" description="Event Group pin set"></register>
  <register id="EvDClr" acronym="EvDClr" offset="0x10C" width="32" description="Event Group pin clear"></register>
  <register id="EvPDr" acronym="EvPDr" offset="0x110" width="32" description="Event Group pin open-drain enable"></register>
  <register id="EvPDis" acronym="EvPDis" offset="0x114" width="32" description="Event Group pin pull control enable"></register>
  <register id="EvPSel" acronym="EvPSel" offset="0x118" width="32" description="Event Group pull select"></register>
  <register id="EvSampDisEn" acronym="EvSampDisEn" offset="0x11C" width="32" description="Event Group Discharge Control"></register>
  <register id="G1SampDisEn" acronym="G1SampDisEn" offset="0x120" width="32" description="Group 1 Discharge Control"></register>
  <register id="G2SampDisEn" acronym="G2SampDisEn" offset="0x124" width="32" description="Group 2 Discharge Control"></register>
  <register id="MagIntCtrl1" acronym="MagIntCtrl1" offset="0x128" width="32" description="Magnitude Interrupt Control"></register>
  <register id="MagInt1Msk" acronym="MagInt1Msk" offset="0x12C" width="32" description="Magnitude Interrupt Mask"></register>
  <register id="MagIntCtrl2" acronym="MagIntCtrl2" offset="0x130" width="32" description="Magnitude Interrupt Control"></register>
  <register id="MagInt2Msk" acronym="MagInt2Msk" offset="0x134" width="32" description="Magnitude Interrupt Mask"></register>
  <register id="MagIntCtrl3" acronym="MagIntCtrl3" offset="0x138" width="32" description="Magnitude Interrupt Control"></register>
  <register id="MagInt3Msk" acronym="MagInt3Msk" offset="0x13C" width="32" description="Magnitude Interrupt Mask"></register>
  <register id="MagIntCtrl4" acronym="MagIntCtrl4" offset="0x140" width="32" description="Magnitude Interrupt Control"></register>
  <register id="MagInt4Msk" acronym="MagInt4Msk" offset="0x144" width="32" description="Magnitude Interrupt Mask"></register>
  <register id="MagIntCtrl5" acronym="MagIntCtrl5" offset="0x148" width="32" description="Magnitude Interrupt Control"></register>
  <register id="MagInt5Msk" acronym="MagInt5Msk" offset="0x14C" width="32" description="Magnitude Interrupt Mask"></register>
  <register id="MagIntCtrl6" acronym="MagIntCtrl6" offset="0x150" width="32" description="Magnitude Interrupt Control"></register>
  <register id="MagInt6Msk" acronym="MagInt6Msk" offset="0x154" width="32" description="Magnitude Interrupt Mask"></register>
  <register id="MagThrIntEnaSet" acronym="MagThrIntEnaSet" offset="0x158" width="32" description="Magnitude Interrupt Enable Set"></register>
  <register id="MagThrIntEnaClr" acronym="MagThrIntEnaClr" offset="0x15C" width="32" description="Magnitude Interrupt Enable Clear"></register>
  <register id="MagThrIntFlg" acronym="MagThrIntFlg" offset="0x160" width="32" description="Magnitude Interrupt Enable Flag"></register>
  <register id="MagThrIntOffst" acronym="MagThrIntOffst" offset="0x164" width="32" description="Magnitude Interrupt Offset"></register>
  <register id="EvFifoRstCtrl" acronym="EvFifoRstCtrl" offset="0x168" width="32" description="Event Group FIFO Reset Control"></register>
  <register id="G1FifoRstCtrl" acronym="G1FifoRstCtrl" offset="0x16C" width="32" description="Group 1 FIFO Reset Control"></register>
  <register id="G2FifoRstCtrl" acronym="G2FifoRstCtrl" offset="0x170" width="32" description="Group 2 FIFO Reset Control"></register>
  <register id="EvRamAddr" acronym="EvRamAddr" offset="0x174" width="32" description="Event Group RAM Pointer"></register>
  <register id="G1RamAddr" acronym="G1RamAddr" offset="0x178" width="32" description="Group 1 RAM Pointer"></register>
  <register id="G2RamAddr" acronym="G2RamAddr" offset="0x17C" width="32" description="Group 2 RAM Pointer"></register>
  <register id="ParCtrl" acronym="ParCtrl" offset="0x180" width="32" description="Parity Control"></register>
  <register id="ParAddr" acronym="ParAddr" offset="0x184" width="32" description="Parity Address"></register>
  <register id="PwrupDlyCtrl" acronym="PwrupDlyCtrl" offset="0x188" width="32" description="Power up DLY Control"></register>
  <!-- Empty -->
  <register id="EvChnSelModeCtrl" acronym="EvChnSelModeCtrl" offset="0x190" width="32" description="Event Group Channel Selection Mode Control"></register>
  <register id="G1ChnSelModeCtrl" acronym="G1ChnSelModeCtrl" offset="0x194" width="32" description="Group1 Channel Selection Mode Control"></register>
  <register id="G2ChnSelModeCtrl" acronym="G2ChnSelModeCtrl" offset="0x198" width="32" description="Group2 Channel Selection Mode Control"></register>
  <register id="EvCurrCount" acronym="EvCurrCount" offset="0x19C" width="32" description="Event Group Current Count"></register>
  <register id="G1CurrCount" acronym="G1CurrCount" offset="0x1A0" width="32" description="Group 1 Current Count"></register>
  <register id="G2CurrCount" acronym="G2CurrCount" offset="0x1A4" width="32" description="Group 2 Current Count"></register>
  <register id="EvMaxCount" acronym="EvMaxCount" offset="0x1A8" width="32" description="Event Group Max Count"></register>
  <register id="G1MaxCount" acronym="G1MaxCount" offset="0x1AC" width="32" description="Group 1 Max Count"></register>
  <register id="G2MaxCount" acronym="G2MaxCount" offset="0x1B0" width="32" description="Group 2 Max Count"></register>
</module>

