<?xml version="1.0" encoding="UTF-8"?>
<!-- 
  TI File $Revision: /main/2 $
  Checkin $Date: November 5, 2010   14:29:26 $
  -->


<!-- Hercules eCAP Registers
     ===========================
     -->



<module id="ECAP" HW_revision="" XML_version="1" description="eCAP Control and Status Registers">
	<register id="TSCTR" acronym="TSCTR" offset="0x00" page="0" width="32" description="eCAP Time-Stamp Counter" /> 
	<register id="CTRPHS" acronym="CTRPHS" offset="0x04" page="0" width="32" description="eCAP Counter Phase Offset Value Register" /> 	
	<register id="CAP1" acronym="CAP1" offset="0x08" page="0" width="32" description="eCAP Capture 1 Register" /> 	
	<register id="CAP2" acronym="CAP2" offset="0x0C" page="0" width="32" description="eCAP Capture 2 Register" /> 	
	<register id="CAP3" acronym="CAP3" offset="0x10" page="0" width="32" description="eCAP Capture 3 Register" /> 	
	<register id="CAP4" acronym="CAP4" offset="0x14" page="0" width="32" description="eCAP Capture 4 Register" /> 	
	<!-- 8 reserved -->
	<register id="ECCTL2" acronym="ECCTL2" offset="0x28" page="0" width="16" description="eCAP Capture Control Register 2" /> 	
	<register id="ECCTL1" acronym="ECCTL1" offset="0x2A" page="0" width="16" description="eCAP Capture Control Register 1" /> 	
	<register id="ECFLG" acronym="ECFLG" offset="0x2C" page="0" width="16" description="eCAP Capture Interrupt Flag Register" /> 	
	<register id="ECEINT" acronym="ECEINT" offset="0x2E" page="0" width="16" description="eCAP Capture Interrupt Enable Register" /> 	
	<register id="ECFRC" acronym="ECFRC" offset="0x30" page="0" width="16" description="eCAP Capture Interrupt Force Register" /> 	
	<register id="ECCLR" acronym="ECCLR" offset="0x32" page="0" width="16" description="eCAP Capture Interrupt Clear Register" /> 	
</module>
