<?xml version="1.0" encoding="UTF-8"?>
<module id="Pcr" HW_revision="" XML_version="1" description="">

<!-- (c) Texas Instruments 2003-2012, All rights reserved. -->
<!-- Filename:Hercules_PCR_4.7.2.xml                           -->
<!-- Version:1.0                                           -->

  <register id="PMProtSet0" acronym="PMProtSet0" offset="0x00" width="32" description="Set-only register to Protect PCS frames 0 to 31"></register>
  <register id="PMProtSet1" acronym="PMProtSet1" offset="0x04" width="32" description="Set-only register to Protect PCS frames 32 to 64"></register>
  <register id="PMProtClr0" acronym="PMProtClr0" offset="0x10" width="32" description="Clear-only register to Protect PCS frames 0 to 31"></register>
  <register id="PMProtClr1" acronym="PMProtClr1" offset="0x14" width="32" description="Clear-only register to Protect PCS frames 32 to 64"></register>
  <register id="PProtSet0" acronym="PProtSet0" offset="0x20" width="32" description="Set-only register to Protect the 32 quadrants of PS0 to PS7"></register>
  <register id="PProtSet1" acronym="PProtSet1" offset="0x24" width="32" description="Set-only register to Protect the 32 quadrants of PS8 to PS15"></register>
  <register id="PProtSet2" acronym="PProtSet2" offset="0x28" width="32" description="Set-only register to Protect the 32 quadrants of PS16 to PS23"></register>
  <register id="PProtSet3" acronym="PProtSet3" offset="0x2C" width="32" description="Set-only register to Protect the 32 quadrants of PS24 to PS31"></register>
  <register id="PProtClr0" acronym="PProtClr0" offset="0x40" width="32" description="clear-only register to Protect the quadrants of PS0 to PS7"></register>
  <register id="PProtClr1" acronym="PProtClr1" offset="0x44" width="32" description="clear-only register to Protect the quadrants of PS8 to PS15"></register>
  <register id="PProtClr2" acronym="PProtClr2" offset="0x48" width="32" description="clear-only register to Protect the quadrants of PS16 to PS23"></register>
  <register id="PProtClr3" acronym="PProtClr3" offset="0x4C" width="32" description="clear-only register to Protect the quadrants of PS24 to PS31"></register>
  <register id="PCSPwrDwnSet0" acronym="PCSPwrDwnSet0" offset="0x60" width="32" description=""></register>
  <register id="PCSPwrDwnSet1" acronym="PCSPwrDwnSet1" offset="0x64" width="32" description=""></register>
  <register id="PCSPwrDwnClr0" acronym="PCSPwrDwnClr0" offset="0x70" width="32" description=""></register>
  <register id="PCSPwrDwnClr1" acronym="PCSPwrDwnClr1" offset="0x74" width="32" description=""></register>
  <register id="PSPwrDwnSet0" acronym="PSPwrDwnSet0" offset="0x80" width="32" description=""></register>
  <register id="PSPwrDwnSet1" acronym="PSPwrDwnSet1" offset="0x84" width="32" description=""></register>
  <register id="PSPwrDwnSet2" acronym="PSPwrDwnSet2" offset="0x88" width="32" description=""></register>
  <register id="PSPwrDwnSet3" acronym="PSPwrDwnSet3" offset="0x8C" width="32" description=""></register>
  <register id="PSPwrDwnClr0" acronym="PSPwrDwnClr0" offset="0xA0" width="32" description=""></register>
  <register id="PSPwrDwnClr1" acronym="PSPwrDwnClr1" offset="0xA4" width="32" description=""></register>
  <register id="PSPwrDwnClr2" acronym="PSPwrDwnClr2" offset="0xA8" width="32" description=""></register>
  <register id="PSPwrDwnClr3" acronym="PSPwrDwnClr3" offset="0xAC" width="32" description=""></register>
</module>
