<?xml version="1.0" encoding="UTF-8"?>
<module id="Emif" HW_revision="" XML_version="1" description="External Memory Interface">

<!-- (c) Texas Instruments 2003-2012, All rights reserved. -->
<!-- Filename: Hercules_EMIF_spec_2.5.5.xml                  -->
<!-- Version: 1.0                                          -->

  <register id="RevCdStat" acronym="RevCdStat" offset="0x0" width="32" description="Revision Code and Status Register"></register>
  <register id="Async1Cfg" acronym="Async1Cfg" offset="0x10" width="32" description="Asynchronous 1 Configuration Register (CS0 space)"></register>
  <register id="Async2Cfg" acronym="Async2Cfg" offset="0x14" width="32" description="Asynchronous 2 Configuration Register (CS1 space)"></register>
  <register id="Async3Cfg" acronym="Async3Cfg" offset="0x18" width="32" description="Asynchronous 3 Configuration Register (CS2 space)"></register>
  <register id="Async4Cfg" acronym="Async4Cfg" offset="0x1C" width="32" description="Asynchronous 4 Configuration Register (CS3 space)"></register>
  <register id="SdramTiming" acronym="SdramTiming" offset="0x20" width="32" description="SDRAM Timing Register"></register>
  <register id="SdramStat" acronym="SdramStat" offset="0x24" width="32" description="SDRAM Status Register"></register>
  <register id="DdrPhyCtrl" acronym="DdrPhyCtrl" offset="0x28" width="32" description="DDR PHY Control Register"></register>
  <register id="DdrPhyStat" acronym="DdrPhyStat" offset="0x2C" width="32" description="DDR PHY Status Register"></register>
  <register id="SdramAccess" acronym="SdramAccess" offset="0x30" width="32" description="Total SDRAM Accesses Register"></register>
  <register id="SdramActivat" acronym="SdramActivat" offset="0x34" width="32" description="Total SDRAM Activate Register"></register>
  <register id="DdrPhyIdRev" acronym="DdrPhyIdRev" offset="0x38" width="32" description="DDR PHY ID and Revision Register"></register>
  <register id="SdramSrExTiming" acronym="SdramSrExTiming" offset="0x3C" width="32" description="SDRAM SR/PD Exit Timing Register"></register>
  <register id="IntRaw" acronym="IntRaw" offset="0x40" width="32" description="Interrupt Raw Register"></register>
  <register id="IntMask" acronym="IntMask" offset="0x44" width="32" description="Interrupt Masked Register"></register>
  <register id="IntMaskSet" acronym="IntMaskSet" offset="0x48" width="32" description="Interrupt Mask Set Register"></register>
  <register id="IntMaskClr" acronym="IntMaskClr" offset="0x4C" width="32" description="Interrupt Mask Clear Register"></register>
  <register id="IoCtrl" acronym="IoCtrl" offset="0x50" width="32" description="IO Control Register"></register>
  <register id="IoStat" acronym="IoStat" offset="0x54" width="32" description="IO Status Register"></register>
  <register id="SdramConfig2" acronym="SdramConfig2" offset="0x58" width="32" description="SDRAM Config 2 Register"></register>
  <register id="OneNandFlashCtrl" acronym="OneNandFlashCtrl" offset="0x5C" width="32" description="NAND Flash Control Register"></register>
  <register id="NandFlashCtrl" acronym="NandFlashCtrl" offset="0x60" width="32" description="NAND Flash Control Register"></register>
  <register id="NandFlashStat" acronym="NandFlashStat" offset="0x64" width="32" description="NAND Flash Status Register"></register>
  <register id="PageModCtrl" acronym="PageModCtrl" offset="0x68" width="32" description="Page Mode Control Register"></register>
  <register id="NandFlashCs2Ecc" acronym="NandFlashCs2Ecc" offset="0x70" width="32" description="NAND Flash CS2 1-Bit ECC Register"></register>
  <register id="NandFlashCs3Ecc" acronym="NandFlashCs3Ecc" offset="0x74" width="32" description="NAND Flash CS3 1-Bit ECC Register"></register>
  <register id="NandFlashCs4Ecc" acronym="NandFlashCs4Ecc" offset="0x78" width="32" description="NAND Flash CS4 1-Bit ECC Register"></register>
  <register id="NandFlashCs5Ecc" acronym="NandFlashCs5Ecc" offset="0x7C" width="32" description="NAND Flash CS2 1-Bit ECC Register"></register>
  <register id="IoDftExecCount" acronym="IoDftExecCount" offset="0x84" width="32" description="IODFT Test Logic Execution Counter Register"></register>
  <register id="IoDftGlobCtrl" acronym="IoDftGlobCtrl" offset="0x88" width="32" description="IODFT Test Logic Global Control Register"></register>
  <register id="IoDftAddrMisrResult" acronym="IoDftAddrMisrResult" offset="0x90" width="32" description="IODFT Test Logic Address MISR Result Register"></register>
  <register id="IoDftDataMisrResult" acronym="IoDftDataMisrResult" offset="0x94" width="32" description="IODFT Test Logic Data MISR Result Register"></register>
  <register id="IoDftCtrlResult" acronym="IoDftCtrlResult" offset="0x98" width="32" description="IODFT Test Logic Data and Control MISR Result"></register>
  <register id="ModuleRev" acronym="ModuleRev" offset="0xB0" width="32" description="Module Release Number Register"></register>
  <register id="NandFlashEccLoad" acronym="NandFlashEccLoad" offset="0xBC" width="32" description="NAND Flash 4-Bit ECC Load Register"></register>
  <register id="NandFlashEcc1" acronym="NandFlashEcc1" offset="0xC0" width="32" description="NAND Flash 4-Bit ECC 1 Register"></register>
  <register id="NandFlashEcc2" acronym="NandFlashEcc2" offset="0xC4" width="32" description="NAND Flash 4-Bit ECC 2 Register"></register>
  <register id="NandFlashEcc3" acronym="NandFlashEcc3" offset="0xC8" width="32" description="NAND Flash 4-Bit ECC 3 Register"></register>
  <register id="NandFlashEcc4" acronym="NandFlashEcc4" offset="0xCC" width="32" description="NAND Flash 4-Bit ECC 4 Register"></register>
  <register id="NandFlashErrAddr1" acronym="NandFlashErrAddr1" offset="0xD0" width="32" description="NAND Flash Error Address 1 Register"></register>
  <register id="NandFlashErrAddr2" acronym="NandFlashErrAddr2" offset="0xD4" width="32" description="NAND Flash Error Address 2 Register"></register>
  <register id="NandFlashErrAddr3" acronym="NandFlashErrAddr3" offset="0xD8" width="32" description="NAND Flash Error Address 3 Register"></register>
  <register id="NandFlashErrAddr4" acronym="NandFlashErrAddr4" offset="0xDC" width="32" description="NAND Flash Error Address 4 Register"></register>
</module>
