<?xml version="1.0" encoding="UTF-8" ?>
<!-- (c) Texas Instruments 2008-2012, All rights reserved.             -->
<!-- Filename:VFP_CortexR4F_r1p3.xml                                   -->
<!-- Version: 1.0                                                      -->
<!-- 27 August 2009                                                    -->

<module id="Vfp" HW_revision="" XML_version="1.2" description="IRQ Registers">
  <register id="VFP_SYSTEM_FPSID" acronym="VFP_SYSTEM_FPSID" width="32" description=""/>
  <register id="VFP_SYSTEM_FPSCR" acronym="VFP_SYSTEM_FPSCR" width="32" description=""/>
  <register id="VFP_SYSTEM_FPEXC" acronym="VFP_SYSTEM_FPEXC" width="32" description=""/>
  <register id="VFP_SYSTEM_MVFR0" acronym="VFP_SYSTEM_MVFR0" width="32" description=""/>
  <register id="VFP_SYSTEM_MVFR1" acronym="VFP_SYSTEM_MVFR1" width="32" description=""/>
  <register id="VFP_SP_S0" acronym="VFP_SP_S0" width="32" description=""/>
  <register id="VFP_SP_S1" acronym="VFP_SP_S1" width="32" description=""/>
  <register id="VFP_SP_S2" acronym="VFP_SP_S2" width="32" description=""/>
  <register id="VFP_SP_S3" acronym="VFP_SP_S3" width="32" description=""/>
  <register id="VFP_SP_S4" acronym="VFP_SP_S4" width="32" description=""/>
  <register id="VFP_SP_S5" acronym="VFP_SP_S5" width="32" description=""/>
  <register id="VFP_SP_S6" acronym="VFP_SP_S6" width="32" description=""/>
  <register id="VFP_SP_S7" acronym="VFP_SP_S7" width="32" description=""/>
  <register id="VFP_SP_S8" acronym="VFP_SP_S8" width="32" description=""/>
  <register id="VFP_SP_S9" acronym="VFP_SP_S9" width="32" description=""/>
  <register id="VFP_SP_S10" acronym="VFP_SP_S10" width="32" description=""/>
  <register id="VFP_SP_S11" acronym="VFP_SP_S11" width="32" description=""/>
  <register id="VFP_SP_S12" acronym="VFP_SP_S12" width="32" description=""/>
  <register id="VFP_SP_S13" acronym="VFP_SP_S13" width="32" description=""/>
  <register id="VFP_SP_S14" acronym="VFP_SP_S14" width="32" description=""/>
  <register id="VFP_SP_S15" acronym="VFP_SP_S15" width="32" description=""/>
  <register id="VFP_SP_S16" acronym="VFP_SP_S16" width="32" description=""/>
  <register id="VFP_SP_S17" acronym="VFP_SP_S17" width="32" description=""/>
  <register id="VFP_SP_S18" acronym="VFP_SP_S18" width="32" description=""/>
  <register id="VFP_SP_S19" acronym="VFP_SP_S19" width="32" description=""/>
  <register id="VFP_SP_S20" acronym="VFP_SP_S20" width="32" description=""/>
  <register id="VFP_SP_S21" acronym="VFP_SP_S21" width="32" description=""/>
  <register id="VFP_SP_S22" acronym="VFP_SP_S22" width="32" description=""/>
  <register id="VFP_SP_S23" acronym="VFP_SP_S23" width="32" description=""/>
  <register id="VFP_SP_S24" acronym="VFP_SP_S24" width="32" description=""/>
  <register id="VFP_SP_S25" acronym="VFP_SP_S25" width="32" description=""/>
  <register id="VFP_SP_S26" acronym="VFP_SP_S26" width="32" description=""/>
  <register id="VFP_SP_S27" acronym="VFP_SP_S27" width="32" description=""/>
  <register id="VFP_SP_S28" acronym="VFP_SP_S28" width="32" description=""/>
  <register id="VFP_SP_S29" acronym="VFP_SP_S29" width="32" description=""/>
  <register id="VFP_SP_S30" acronym="VFP_SP_S30" width="32" description=""/>
  <register id="VFP_SP_S31" acronym="VFP_SP_S31" width="32" description=""/>
  <register id="VFP_DP_D0_L" acronym="VFP_DP_D0_L" width="32" description=""/>
  <register id="VFP_DP_D0_H" acronym="VFP_DP_D0_H" width="32" description=""/>
  <register id="VFP_DP_D1_L" acronym="VFP_DP_D1_L" width="32" description=""/>
  <register id="VFP_DP_D1_H" acronym="VFP_DP_D1_H" width="32" description=""/>
  <register id="VFP_DP_D2_L" acronym="VFP_DP_D2_L" width="32" description=""/>
  <register id="VFP_DP_D2_H" acronym="VFP_DP_D2_H" width="32" description=""/>
  <register id="VFP_DP_D3_L" acronym="VFP_DP_D3_L" width="32" description=""/>
  <register id="VFP_DP_D3_H" acronym="VFP_DP_D3_H" width="32" description=""/>
  <register id="VFP_DP_D4_L" acronym="VFP_DP_D4_L" width="32" description=""/>
  <register id="VFP_DP_D4_H" acronym="VFP_DP_D4_H" width="32" description=""/>
  <register id="VFP_DP_D5_L" acronym="VFP_DP_D5_L" width="32" description=""/>
  <register id="VFP_DP_D5_H" acronym="VFP_DP_D5_H" width="32" description=""/>
  <register id="VFP_DP_D6_L" acronym="VFP_DP_D6_L" width="32" description=""/>
  <register id="VFP_DP_D6_H" acronym="VFP_DP_D6_H" width="32" description=""/>
  <register id="VFP_DP_D7_L" acronym="VFP_DP_D7_L" width="32" description=""/>
  <register id="VFP_DP_D7_H" acronym="VFP_DP_D7_H" width="32" description=""/>
  <register id="VFP_DP_D8_L" acronym="VFP_DP_D8_L" width="32" description=""/>
  <register id="VFP_DP_D8_H" acronym="VFP_DP_D8_H" width="32" description=""/>
  <register id="VFP_DP_D9_L" acronym="VFP_DP_D9_L" width="32" description=""/>
  <register id="VFP_DP_D9_H" acronym="VFP_DP_D9_H" width="32" description=""/>
  <register id="VFP_DP_D10_L" acronym="VFP_DP_D10_L" width="32" description=""/>
  <register id="VFP_DP_D10_H" acronym="VFP_DP_D10_H" width="32" description=""/>
  <register id="VFP_DP_D11_L" acronym="VFP_DP_D11_L" width="32" description=""/>
  <register id="VFP_DP_D11_H" acronym="VFP_DP_D11_H" width="32" description=""/>
  <register id="VFP_DP_D12_L" acronym="VFP_DP_D12_L" width="32" description=""/>
  <register id="VFP_DP_D12_H" acronym="VFP_DP_D12_H" width="32" description=""/>
  <register id="VFP_DP_D13_L" acronym="VFP_DP_D13_L" width="32" description=""/>
  <register id="VFP_DP_D13_H" acronym="VFP_DP_D13_H" width="32" description=""/>
  <register id="VFP_DP_D14_L" acronym="VFP_DP_D14_L" width="32" description=""/>
  <register id="VFP_DP_D14_H" acronym="VFP_DP_D14_H" width="32" description=""/>
  <register id="VFP_DP_D15_L" acronym="VFP_DP_D15_L" width="32" description=""/>
  <register id="VFP_DP_D15_H" acronym="VFP_DP_D15_H" width="32" description=""/>
  <register id="VFP_DP_D0" acronym="VFP_DP_D0" width="64" description=""/>
  <register id="VFP_DP_D1" acronym="VFP_DP_D1" width="64" description=""/>
  <register id="VFP_DP_D2" acronym="VFP_DP_D2" width="64" description=""/>
  <register id="VFP_DP_D3" acronym="VFP_DP_D3" width="64" description=""/>
  <register id="VFP_DP_D4" acronym="VFP_DP_D4" width="64" description=""/>
  <register id="VFP_DP_D5" acronym="VFP_DP_D5" width="64" description=""/>
  <register id="VFP_DP_D6" acronym="VFP_DP_D6" width="64" description=""/>
  <register id="VFP_DP_D7" acronym="VFP_DP_D7" width="64" description=""/>
  <register id="VFP_DP_D8" acronym="VFP_DP_D8" width="64" description=""/>
  <register id="VFP_DP_D9" acronym="VFP_DP_D9" width="64" description=""/>
  <register id="VFP_DP_D10" acronym="VFP_DP_D10" width="64" description=""/>
  <register id="VFP_DP_D11" acronym="VFP_DP_D11" width="64" description=""/>
  <register id="VFP_DP_D12" acronym="VFP_DP_D12" width="64" description=""/>
  <register id="VFP_DP_D13" acronym="VFP_DP_D13" width="64" description=""/>
  <register id="VFP_DP_D14" acronym="VFP_DP_D14" width="64" description=""/>
  <register id="VFP_DP_D15" acronym="VFP_DP_D15" width="64" description=""/>

</module>
