<?xml version="1.0"?>
	<!-- This file defines all the AET drivers for different ISAs. -->
<AET>
	<DB_MAJOR_V>1</DB_MAJOR_V>
	<DB_MINOR_V>0</DB_MINOR_V>
	<DRIVER>
		<CPUTYPE>1003</CPUTYPE>
		<DRIVERNAME>AETOperationServer</DRIVERNAME>
		<PROPERTYFILE>AET_PropertyARM7.xml</PROPERTYFILE>
		<ENTITYCODE>ct470api</ENTITYCODE>
	</DRIVER>
	<DRIVER>
		<CPUTYPE>20127</CPUTYPE>
		<DRIVERNAME>AETOperationServer</DRIVERNAME>
		<PROPERTYFILE>AET_PropertyARM9.xml</PROPERTYFILE>
		<ENTITYCODE>ct470api</ENTITYCODE>
	</DRIVER>
	<DRIVER>
		<CPUTYPE>10127</CPUTYPE>
		<DRIVERNAME>AETOperationServer</DRIVERNAME>
		<PROPERTYFILE>AET_PropertyARM7.xml</PROPERTYFILE>
		<ENTITYCODE>ct470api</ENTITYCODE>
	</DRIVER>
	<DRIVER>
		<CPUTYPE>4701</CPUTYPE>
		<DRIVERNAME>AETOperationServer</DRIVERNAME>
		<PROPERTYFILE>AET_PropertyARM7.xml</PROPERTYFILE>
		<ENTITYCODE>ct470api</ENTITYCODE>
	</DRIVER>
	<DRIVER>
		<CPUTYPE>4702</CPUTYPE>
		<DRIVERNAME>AETOperationServer</DRIVERNAME>
		<PROPERTYFILE>AET_PropertyARM9.xml</PROPERTYFILE>
		<ENTITYCODE>ct470api</ENTITYCODE>
	</DRIVER>
	<DRIVER>
		<CPUTYPE>4703</CPUTYPE>
		<DRIVERNAME>AETOperationServer</DRIVERNAME>
		<PROPERTYFILE>AET_PropertyARM11.xml</PROPERTYFILE>
		<ENTITYCODE>ct470api</ENTITYCODE>
	</DRIVER>
	<DRIVER>
		<CPUTYPE>3054</CPUTYPE>
		<DRIVERNAME>AETOperationServer</DRIVERNAME>
		<PROPERTYFILE>AET_PropertyARM11.xml</PROPERTYFILE>
		<ENTITYCODE>ctools_ARM1136</ENTITYCODE>
		<SUPPORTTRACE>YES</SUPPORTTRACE>
	</DRIVER>
	<DRIVER>
		<CPUTYPE>47012</CPUTYPE>
		<DRIVERNAME>AETOperationServer</DRIVERNAME>
		<PROPERTYFILE>AET_PropertyARMA8.xml</PROPERTYFILE>
		<ENTITYCODE>ct470api</ENTITYCODE>
		<SUPPORTTRACE>YES</SUPPORTTRACE>
	</DRIVER>
	<DRIVER>
		<CPUTYPE>47013</CPUTYPE>
		<DRIVERNAME>AETOperationServer</DRIVERNAME>
		<PROPERTYFILE>AET_PropertyARMRx.xml</PROPERTYFILE>
		<ENTITYCODE>ct470api</ENTITYCODE>
		<SUPPORTTRACE>YES</SUPPORTTRACE>
	</DRIVER>
	<DRIVER>
		<CPUTYPE>47014</CPUTYPE>
		<DRIVERNAME>AETOperationServer</DRIVERNAME>
		<PROPERTYFILE>AET_PropertyARM_M3.xml</PROPERTYFILE>
		<ENTITYCODE>ct470api</ENTITYCODE>
	</DRIVER>
	<DRIVER>
		<CPUTYPE>47010</CPUTYPE>
		<DRIVERNAME>AETOperationServer</DRIVERNAME>
		<PROPERTYFILE>AET_PropertyARM_M0.xml</PROPERTYFILE>
		<ENTITYCODE>ct470api</ENTITYCODE>
	</DRIVER>
	<DRIVER>
		<CPUTYPE>90100</CPUTYPE>
		<DRIVERNAME>AETOperationServer</DRIVERNAME>
		<PROPERTYFILE>AET_PropertyARMA9.xml</PROPERTYFILE>
		<ENTITYCODE>ct470api</ENTITYCODE>
	</DRIVER>
	<DRIVER>
		<CPUTYPE>1500</CPUTYPE>
		<DRIVERNAME>AETOperationServer</DRIVERNAME>
		<PROPERTYFILE>AET_PropertyARMA15.xml</PROPERTYFILE>
		<ENTITYCODE>ct470api</ENTITYCODE>
	</DRIVER>
	<DRIVER>
		<CPUTYPE>5500</CPUTYPE>
		<DRIVERNAME>AETOperationServer</DRIVERNAME>
		<PROPERTYFILE>AET_Property55.xml</PROPERTYFILE>
		<ENTITYCODE>cTools2000</ENTITYCODE>
		<SUPPORTTRACE>YES</SUPPORTTRACE>
	</DRIVER>
	<DRIVER>
		<CPUTYPE>5600</CPUTYPE>
		<DRIVERNAME>AETOperationServer</DRIVERNAME>
		<PROPERTYFILE>AET_Property56.xml</PROPERTYFILE>
		<ENTITYCODE>cTools2000</ENTITYCODE>
		<SUPPORTTRACE>YES</SUPPORTTRACE>
	</DRIVER>
	<DRIVER>
		<CPUTYPE>5600_1</CPUTYPE>
		<DRIVERNAME>AETOperationServer</DRIVERNAME>
		<PROPERTYFILE>AET_Property56_1.xml</PROPERTYFILE>
		<ENTITYCODE>cTools2000</ENTITYCODE>
		<SUPPORTTRACE>YES</SUPPORTTRACE>
	</DRIVER>
	<DRIVER>
		<CPUTYPE>6410</CPUTYPE>
		<DRIVERNAME>AETOperationServer</DRIVERNAME>
		<PROPERTYFILE>AET_Property64.xml</PROPERTYFILE>
		<ENTITYCODE>cTools2000</ENTITYCODE>
		<SUPPORTTRACE>YES</SUPPORTTRACE>
	</DRIVER>
	<DRIVER>
		<CPUTYPE>6411</CPUTYPE>
		<DRIVERNAME>AETOperationServer</DRIVERNAME>
		<PROPERTYFILE>AET_Property64.xml</PROPERTYFILE>
		<ENTITYCODE>cTools2000</ENTITYCODE>
		<SUPPORTTRACE>YES</SUPPORTTRACE>
	</DRIVER>
	<DRIVER>
		<CPUTYPE>6412</CPUTYPE>
		<DRIVERNAME>AETOperationServer</DRIVERNAME>
		<PROPERTYFILE>AET_Property64.xml</PROPERTYFILE>
		<ENTITYCODE>cTools2000</ENTITYCODE>
		<SUPPORTTRACE>YES</SUPPORTTRACE>
	</DRIVER>
	<DRIVER>
		<CPUTYPE>6413</CPUTYPE>
		<DRIVERNAME>AETOperationServer</DRIVERNAME>
		<PROPERTYFILE>AET_Property64.xml</PROPERTYFILE>
		<ENTITYCODE>cTools2000</ENTITYCODE>
		<SUPPORTTRACE>YES</SUPPORTTRACE>
	</DRIVER>
	<DRIVER>
		<CPUTYPE>6414</CPUTYPE>
		<DRIVERNAME>AETOperationServer</DRIVERNAME>
		<PROPERTYFILE>AET_Property64.xml</PROPERTYFILE>
		<ENTITYCODE>cTools2000</ENTITYCODE>
		<SUPPORTTRACE>YES</SUPPORTTRACE>
	</DRIVER>
	<DRIVER>
		<CPUTYPE>6415</CPUTYPE>
		<DRIVERNAME>AETOperationServer</DRIVERNAME>
		<PROPERTYFILE>AET_Property64.xml</PROPERTYFILE>
		<ENTITYCODE>cTools2000</ENTITYCODE>
		<SUPPORTTRACE>YES</SUPPORTTRACE>
	</DRIVER>
	<DRIVER>
		<CPUTYPE>6416</CPUTYPE>
		<DRIVERNAME>AETOperationServer</DRIVERNAME>
		<PROPERTYFILE>AET_Property64.xml</PROPERTYFILE>
		<ENTITYCODE>cTools2000</ENTITYCODE>
		<SUPPORTTRACE>YES</SUPPORTTRACE>
	</DRIVER>
	<DRIVER>
		<CPUTYPE>6418</CPUTYPE>
		<DRIVERNAME>AETOperationServer</DRIVERNAME>
		<PROPERTYFILE>AET_Property64.xml</PROPERTYFILE>
		<ENTITYCODE>cTools2000</ENTITYCODE>
		<SUPPORTTRACE>YES</SUPPORTTRACE>
	</DRIVER>
	<DRIVER>
		<CPUTYPE>64127</CPUTYPE>
		<DRIVERNAME>AETOperationServer</DRIVERNAME>
		<PROPERTYFILE>AET_Property64.xml</PROPERTYFILE>
		<ENTITYCODE>cTools2000</ENTITYCODE>
		<SUPPORTTRACE>YES</SUPPORTTRACE>
	</DRIVER>
	<DRIVER>
		<CPUTYPE>641x</CPUTYPE>
		<DRIVERNAME>AETOperationServer</DRIVERNAME>
		<PROPERTYFILE>AET_Property64.xml</PROPERTYFILE>
		<ENTITYCODE>cTools2000</ENTITYCODE>
		<SUPPORTTRACE>YES</SUPPORTTRACE>
	</DRIVER>
	<DRIVER>
		<CPUTYPE>6455</CPUTYPE>
		<DRIVERNAME>AETOperationServer</DRIVERNAME>
		<PROPERTYFILE>AET_Property64Plus.xml</PROPERTYFILE>
		<ENTITYCODE>cTools2000</ENTITYCODE>
		<SUPPORTTRACE>YES</SUPPORTTRACE>
	</DRIVER>
	<DRIVER>
		<CPUTYPE>64106</CPUTYPE>
		<DRIVERNAME>AETOperationServer</DRIVERNAME>
		<PROPERTYFILE>AET_Property64PlusTesla.xml</PROPERTYFILE>
		<ENTITYCODE>cTools2000</ENTITYCODE>
		<SUPPORTTRACE>YES</SUPPORTTRACE>
	</DRIVER>
	<DRIVER>
		<CPUTYPE>64552</CPUTYPE>
		<DRIVERNAME>AETOperationServer</DRIVERNAME>
		<PROPERTYFILE>AET_Property64PlusTomahawk.xml</PROPERTYFILE>
		<ENTITYCODE>cTools2000</ENTITYCODE>
		<SUPPORTTRACE>YES</SUPPORTTRACE>
	</DRIVER>
	<DRIVER>
		<CPUTYPE>66127</CPUTYPE>
		<DRIVERNAME>AETOperationServer</DRIVERNAME>
		<PROPERTYFILE>AET_Property64Plus.xml</PROPERTYFILE>
		<ENTITYCODE>cTools2000</ENTITYCODE>
		<SUPPORTTRACE>YES</SUPPORTTRACE>
	</DRIVER>
	<DRIVER>
		<CPUTYPE>6711</CPUTYPE>
		<DRIVERNAME>AETOperationServer</DRIVERNAME>
		<PROPERTYFILE>AET_Property671x.xml</PROPERTYFILE>
		<ENTITYCODE>ct6xapi</ENTITYCODE>
	</DRIVER>
	<DRIVER>
		<CPUTYPE>6713</CPUTYPE>
		<DRIVERNAME>AETOperationServer</DRIVERNAME>
		<PROPERTYFILE>AET_Property671x.xml</PROPERTYFILE>
		<ENTITYCODE>ct6xapi</ENTITYCODE>
	</DRIVER>
	<DRIVER>
		<CPUTYPE>6720</CPUTYPE>
		<DRIVERNAME>AETOperationServer</DRIVERNAME>
		<PROPERTYFILE>AET_Property671x.xml</PROPERTYFILE>
		<ENTITYCODE>ct6xapi</ENTITYCODE>
	</DRIVER>
	<DRIVER>
		<CPUTYPE>67104</CPUTYPE>
		<DRIVERNAME>AETOperationServer</DRIVERNAME>
		<PROPERTYFILE>AET_Property64PlusPrimus.xml</PROPERTYFILE>
		<ENTITYCODE>cTools2000</ENTITYCODE>
		<SUPPORTTRACE>YES</SUPPORTTRACE>
	</DRIVER>
	<DRIVER>
		<CPUTYPE>671042</CPUTYPE>
		<DRIVERNAME>AETOperationServer</DRIVERNAME>
		<PROPERTYFILE>AET_Property64Plus.xml</PROPERTYFILE>
		<ENTITYCODE>cTools2000</ENTITYCODE>
		<SUPPORTTRACE>YES</SUPPORTTRACE>
	</DRIVER>
	<DRIVER>
		<CPUTYPE>674x</CPUTYPE>
		<DRIVERNAME>AETOperationServer</DRIVERNAME>
		<PROPERTYFILE>AET_Property64PlusPrimus.xml</PROPERTYFILE>
		<ENTITYCODE>cTools2000</ENTITYCODE>
		<SUPPORTTRACE>YES</SUPPORTTRACE>
	</DRIVER>
	<DRIVER>
		<CPUTYPE>28x</CPUTYPE>
		<DRIVERNAME>AETOperationServer</DRIVERNAME>
		<PROPERTYFILE>AET_Property28x.xml</PROPERTYFILE>
		<ENTITYCODE>CT2xapi</ENTITYCODE>
		<SUPPORTTRACE>NO</SUPPORTTRACE>
	</DRIVER>
	<DRIVER>
		<CPUTYPE>70064</CPUTYPE>
		<DRIVERNAME>AETOperationServer</DRIVERNAME>
		<PROPERTYFILE>AET_PropertyEVE_ARP32.xml</PROPERTYFILE>
		<ENTITYCODE>EVEApi.dll</ENTITYCODE>
		<SUPPORTTRACE>NO</SUPPORTTRACE>
	</DRIVER>
	<DRIVER>
		<CPUTYPE>70065</CPUTYPE>
		<DRIVERNAME>AETOperationServer</DRIVERNAME>
		<PROPERTYFILE>AET_PropertyEVE_ARP32.xml</PROPERTYFILE>
		<ENTITYCODE>EVEApi.dll</ENTITYCODE>
		<SUPPORTTRACE>NO</SUPPORTTRACE>
	</DRIVER>
	<DRIVER>
		<CPUTYPE>19232</CPUTYPE>
		<DRIVERNAME>AETOperationServer</DRIVERNAME>
		<PROPERTYFILE>AET_PropertyiHWA.xml</PROPERTYFILE>
		<ENTITYCODE>iHWAApi.dll</ENTITYCODE>
		<SUPPORTTRACE>NO</SUPPORTTRACE>
	</DRIVER>
	<DRIVER>
		<CPUTYPE>2600</CPUTYPE>
		<DRIVERNAME>AETOperationServer</DRIVERNAME>
		<PROPERTYFILE>AET_Property2600.xml</PROPERTYFILE>
	</DRIVER>
	<!--=============================================================================-->
	<!-- DAP driver. Only used for saving target adapter for CS component access.    -->
	<!--=============================================================================-->
	<DRIVER>
		<CPUTYPE>22401</CPUTYPE>
		<DRIVERNAME>AETOperationServer</DRIVERNAME>
	</DRIVER>
</AET>
