<?xml version="1.0" encoding="UTF-8"?>
<PropertyList xmlns:xsi="http://www.w3.org/2001/XMLSchema-instance">

	<!-- TMS470RDX Nodes-->
	<node id="FlashProgrammerNode">
		<name>Flash Settings</name>
		<children>
			<child>FlashSettingsGroup</child>
			<child>FlashRangeGroup</child>
			<child>FlashBlankCheckGroup</child>
			<child>FlashEraseGroup</child>
			<child>FlashProfileGroup</child>
		</children>
	</node>

	<!-- TMS470RDX Groups -->
	<group id="FlashSettingsGroup">
		<name>Flash Settings</name>
		<children>
			<child>FlashCrystalFreq</child>
			<child>FlashResetOnConnect</child>
			<child>FlashEnableOTP</child>
			<child>FlashAutoECCSetting</child>
			<child>FlashAlignCombineToggle</child>
			<child>FlashAlignmentSize</child>
			<child>FlashVerifySetting</child>
		</children>
	</group>
	
	<group id="FlashProfileGroup">
		<name>Flash Profiling</name>
		<children>
			<child>FlashProfileNote</child>
			<child>FlashProfilePLL1</child>
			<child>FlashProfilePLL2</child>
			<child>FlashProfileHCLK</child>
			<child>FlashProfileRWAIT</child>
			<child>FlashProfileEWAIT</child>
			<child>FlashProfileOutput</child>
			<child>FlashProfileButton</child>
			<child>FlashProfileValidateProgram</child>
			<child>FlashProfileValidateButton</child>
		</children>
	</group>
	
	<group id="FlashRangeGroup">
		<name>Range Options</name>
		<children>
			<child>FlashRangeText</child>
			<child>FlashRangeToggle</child>
			<child>FlashRangeAddr</child>
		</children>
	</group>
	
	<group id="FlashBlankCheckGroup">
		<name>Blank Check Options</name>
		<children>
			<child>FlashBlankCheckToggle</child>
			<child>FlashBlankCheckButton</child>
		</children>
	</group>
	
	<group id="FlashEraseGroup">
		<name>Erase Options</name>
		<children>
			<child>FlashEraseSelection</child>
			<child>FlashBank0Group</child>
			<child>FlashBank1Group</child>
			<child>FlashBank7Group</child>
			<child>FlashEraseButton</child>
		</children>
	</group>
	
	<group id="FlashBank0Group">
		<name>Bank 0</name>
		<children>
			<child>FlashBank0Sector0</child>
			<child>FlashBank0Sector1</child>
			<child>FlashBank0Sector2</child>
			<child>FlashBank0Sector3</child>
			<child>FlashBank0Sector4</child>
			<child>FlashBank0Sector5</child>
			<child>FlashBank0Sector6</child>
			<child>FlashBank0Sector7</child>
			<child>FlashBank0Sector8</child>
			<child>FlashBank0Sector9</child>
			<child>FlashBank0Sector10</child>
			<child>FlashBank0Sector11</child>
			<child>FlashBank0Sector12</child>
			<child>FlashBank0Sector13</child>
			<child>FlashBank0Sector14</child>
			<child>FlashBank0Sector15</child>
			<child>FlashToggleBank0</child>
		</children>
	</group>
	
	<group id="FlashBank1Group">
		<name>Bank 1</name>
		<children>
			<child>FlashBank1Sector0</child>
			<child>FlashBank1Sector1</child>
			<child>FlashBank1Sector2</child>
			<child>FlashBank1Sector3</child>
			<child>FlashBank1Sector4</child>
			<child>FlashBank1Sector5</child>
			<child>FlashBank1Sector6</child>
			<child>FlashBank1Sector7</child>
			<child>FlashBank1Sector8</child>
			<child>FlashBank1Sector9</child>
			<child>FlashBank1Sector10</child>
			<child>FlashBank1Sector11</child>
			<child>FlashBank1Sector12</child>
			<child>FlashBank1Sector13</child>
			<child>FlashBank1Sector14</child>
			<child>FlashBank1Sector15</child>
			<child>FlashToggleBank1</child>
		</children>
	</group>
	
	<group id="FlashBank7Group">
		<name>Bank 7</name>
		<children>
			<child>FlashBank7Sector0</child>
			<child>FlashBank7Sector1</child>
			<child>FlashBank7Sector2</child>
			<child>FlashBank7Sector3</child>
			<child>FlashBank7Sector4</child>
			<child>FlashBank7Sector5</child>
			<child>FlashBank7Sector6</child>
			<child>FlashBank7Sector7</child>
			<child>FlashBank7Sector8</child>
			<child>FlashBank7Sector9</child>
			<child>FlashBank7Sector10</child>
			<child>FlashBank7Sector11</child>
			<child>FlashBank7Sector12</child>
			<child>FlashBank7Sector13</child>
			<child>FlashBank7Sector14</child>
			<child>FlashBank7Sector15</child>
			<child>FlashBank7Sector16</child>
			<child>FlashBank7Sector17</child>
			<child>FlashBank7Sector18</child>
			<child>FlashBank7Sector19</child>
			<child>FlashBank7Sector20</child>
			<child>FlashBank7Sector21</child>
			<child>FlashBank7Sector22</child>
			<child>FlashBank7Sector23</child>
			<child>FlashBank7Sector24</child>
			<child>FlashBank7Sector25</child>
			<child>FlashBank7Sector26</child>
			<child>FlashBank7Sector27</child>
			<child>FlashBank7Sector28</child>
			<child>FlashBank7Sector29</child>
			<child>FlashBank7Sector30</child>
			<child>FlashBank7Sector31</child>
			<child>FlashToggleBank7</child>
		</children>
	</group>
	
	<!-- TMS470RDX Property Definitions -->
	<property id="FlashProfileNote">
		<target>TMS470RDX</target>
		<name>Note: use the Erase options to select sectors to profile</name>
		<valueType>Text</valueType>
	</property>
	
	<property id="FlashProfilePLL1">
		<target>TMS470RDX</target>
		<name>PLLCTL1 (0xFFFFFF70): 0x</name>
		<valueType>String</valueType>
		<defaultValue></defaultValue>
	</property>
	
	<property id="FlashProfilePLL2">
		<target>TMS470RDX</target>
		<name>PLLCTL2 (0xFFFFFF74): 0x</name>
		<valueType>String</valueType>
		<defaultValue></defaultValue>
	</property>
	
	<property id="FlashProfileHCLK">
		<target>TMS470RDX</target>
		<name>HCLK (MHz):</name>
		<valueType>String</valueType>
		<defaultValue></defaultValue>
	</property>
	
	<property id="FlashProfileRWAIT">
		<target>TMS470RDX</target>
		<name>RWAIT:</name>
		<valueType>String</valueType>
		<defaultValue></defaultValue>
	</property>
	
	<property id="FlashProfileEWAIT">
		<target>TMS470RDX</target>
		<name>EWAIT:</name>
		<valueType>String</valueType>
		<defaultValue></defaultValue>
	</property>
	
	<property id="FlashProfileOutput">
		<target>TMS470RDX</target>
		<name>Write report to:</name>
		<valueType>String</valueType>
		<defaultValue></defaultValue>
	</property>

	<property id="FlashProfileButton">
		<target>TMS470RDX</target>
		<name>Profile Data on Target</name>
		<valueType>Button</valueType>
		<action>DPActiveDebugSession.flash.performOperation("Profile")</action>
	</property>
	
	<property id="FlashProfileValidateProgram">
		<target>TMS470RDX</target>
		<name>Validate against:</name>
		<valueType>String</valueType>
		<defaultValue></defaultValue>
	</property>

	<property id="FlashProfileValidateButton">
		<target>TMS470RDX</target>
		<name>Perform Full Validation</name>
		<valueType>Button</valueType>
		<action>DPActiveDebugSession.memory.verifyProgram( DPActiveDebugSession.options.getString( "FlashProfileValidateProgram" ) ); DPActiveDebugSession.flash.performOperation( "Profile" ); DPActiveDebugSession.memory.loadProgram( DPActiveDebugSession.options.getString( "FlashProfileValidateProgram" ) ); DPActiveDebugSession.flash.performOperation( "ProfileAndCompare" );</action>
	</property>
	<property id="FlashRangeText">
		<target>TMS470RDX</target>
		<name>Note: the range option affects erase, program load AND verification. 
If range option is enabled, only the given range(s) will be affected for these operations.
		</name>
		<valueType>Text</valueType>
	</property>
	
	<property id="FlashRangeToggle">
		<target>TMS470RDX</target>
		<name>Enable Range Option</name>
		<valueType>Boolean</valueType>
		<defaultValue>0</defaultValue>
	</property>
	
	<property id="FlashRangeAddr">
		<target>TMS470RDX</target>
		<name>Range(s): </name>
		<valueType>String</valueType>
		<defaultValue>0x0000000-0x003FFFFF,0xF0200000-0xF021FFFF</defaultValue>
		<enableIf>
			<property id="FlashRangeToggle">1</property>
		</enableIf>
	</property>
	
	<property id="FlashBlankCheckToggle">
		<target>TMS470RDX</target>
		<name>Perform Blank Check before Program Load</name>
		<valueType>Boolean</valueType>
		<defaultValue>0</defaultValue>
	</property>
	
	<property id="FlashBlankCheckButton">
		<target>TMS470RDX</target>
		<name>Blank Check</name>
		<valueType>Button</valueType>
		<action>DPActiveDebugSession.flash.performOperation("BlankCheck")</action>
	</property>
	
	<property id="FlashEraseSelection">
		<target>TMS470RDX</target>
		<name></name>
		<valueType>ChoiceList</valueType>
		<values>
			<value>Entire Flash</value>
			<value>Necessary Sectors Only (for Program Load)</value>
			<value>Selected Sectors Only</value>
		</values>
		<defaultValue>Entire Flash</defaultValue>
	</property>
	
	<property id="FlashEnableOTP">
		<target>TMS470RDX</target>
		<name>Enable Programming to OTP Memory</name>
		<valueType>Boolean</valueType>
		<defaultValue>0</defaultValue>
	</property>
	
	<property id="FlashAutoECCSetting">
		<target>TMS470RDX</target>
		<name>Auto ECC Generation</name>
		<valueType>Boolean</valueType>
		<defaultValue>1</defaultValue>
	</property>
	
	<property id="FlashCrystalFreq">
		<target>TMS470RDX</target>
		<name>OSCIN Frequency (MHz)[5-20]</name>
		<valueType>String</valueType>
		<defaultValue>16.0</defaultValue>
	</property>
	
	<property id="FlashResetOnConnect">
		<target>TMS470RDX</target>
		<name>System Reset on Connect</name>
		<valueType>Boolean</valueType>
		<defaultValue>0</defaultValue>
	</property>
	
	<property id="FlashVerifySetting">
		<target>TMS470RDX</target>
		<name>Flash Verification settings</name>
		<valueType>ChoiceList</valueType>
		<values>
			<value>Verify</value>
			<value>Fast Verify</value>
			<value>None</value>
		</values>
		<defaultValue>Verify</defaultValue>
	</property>
	
	<property id="FlashBank0Sector0">
		<target>TMS470RDX</target>
		<name>Sector 0 (0x00000000 - 0x00003FFF)</name>
		<valueType>Boolean</valueType>
		<defaultValue>1</defaultValue>
		<enableIf>
			<property id="FlashEraseSelection">Selected Sectors Only</property>
		</enableIf>
	</property>
	<property id="FlashBank0Sector1">
		<target>TMS470RDX</target>
		<name>Sector 1 (0x00004000 - 0x00007FFF)</name>
		<valueType>Boolean</valueType>
		<defaultValue>1</defaultValue>
		<enableIf>
			<property id="FlashEraseSelection">Selected Sectors Only</property>
		</enableIf>
	</property>
	<property id="FlashBank0Sector2">
		<target>TMS470RDX</target>
		<name>Sector 2 (0x00008000 - 0x0000BFFF)</name>
		<valueType>Boolean</valueType>
		<defaultValue>1</defaultValue>
		<enableIf>
			<property id="FlashEraseSelection">Selected Sectors Only</property>
		</enableIf>
	</property>
	<property id="FlashBank0Sector3">
		<target>TMS470RDX</target>
		<name>Sector 3 (0x0000C000 - 0x0000FFFF)</name>
		<valueType>Boolean</valueType>
		<defaultValue>1</defaultValue>
		<enableIf>
			<property id="FlashEraseSelection">Selected Sectors Only</property>
		</enableIf>
	</property>
	<property id="FlashBank0Sector4">
		<target>TMS470RDX</target>
		<name>Sector 4 (0x00010000 - 0x00013FFF)</name>
		<valueType>Boolean</valueType>
		<defaultValue>1</defaultValue>
		<enableIf>
			<property id="FlashEraseSelection">Selected Sectors Only</property>
		</enableIf>
	</property>
	<property id="FlashBank0Sector5">
		<target>TMS470RDX</target>
		<name>Sector 5 (0x00014000 - 0x00017FFF)</name>
		<valueType>Boolean</valueType>
		<defaultValue>1</defaultValue>
		<enableIf>
			<property id="FlashEraseSelection">Selected Sectors Only</property>
		</enableIf>
	</property>
	<property id="FlashBank0Sector6">
		<target>TMS470RDX</target>
		<name>Sector 6 (0x00018000 - 0x0001FFFF)</name>
		<valueType>Boolean</valueType>
		<defaultValue>1</defaultValue>
		<enableIf>
			<property id="FlashEraseSelection">Selected Sectors Only</property>
		</enableIf>
	</property>
	<property id="FlashBank0Sector7">
		<target>TMS470RDX</target>
		<name>Sector 7 (0x00020000 - 0x0003FFFF)</name>
		<valueType>Boolean</valueType>
		<defaultValue>1</defaultValue>
		<enableIf>
			<property id="FlashEraseSelection">Selected Sectors Only</property>
		</enableIf>
	</property>
	<property id="FlashBank0Sector8">
		<target>TMS470RDX</target>
		<name>Sector 8 (0x00040000 - 0x0005FFFF)</name>
		<valueType>Boolean</valueType>
		<defaultValue>1</defaultValue>
		<enableIf>
			<property id="FlashEraseSelection">Selected Sectors Only</property>
		</enableIf>
	</property>
	<property id="FlashBank0Sector9">
		<target>TMS470RDX</target>
		<name>Sector 9 (0x00060000 - 0x0007FFFF)</name>
		<valueType>Boolean</valueType>
		<defaultValue>1</defaultValue>
		<enableIf>
			<property id="FlashEraseSelection">Selected Sectors Only</property>
		</enableIf>
	</property>
	<property id="FlashBank0Sector10">
		<target>TMS470RDX</target>
		<name>Sector 10 (0x00080000 - 0x000BFFFF)</name>
		<valueType>Boolean</valueType>
		<defaultValue>1</defaultValue>
		<enableIf>
			<property id="FlashEraseSelection">Selected Sectors Only</property>
		</enableIf>
	</property>
	<property id="FlashBank0Sector11">
		<target>TMS470RDX</target>
		<name>Sector 11 (0x000C0000 - 0x000FFFFF)</name>
		<valueType>Boolean</valueType>
		<defaultValue>1</defaultValue>
		<enableIf>
			<property id="FlashEraseSelection">Selected Sectors Only</property>
		</enableIf>
	</property>
	<property id="FlashBank0Sector12">
		<target>TMS470RDX</target>
		<name>Sector 12 (0x00100000 - 0x0013FFFF)</name>
		<valueType>Boolean</valueType>
		<defaultValue>1</defaultValue>
		<enableIf>
			<property id="FlashEraseSelection">Selected Sectors Only</property>
		</enableIf>
	</property>
	<property id="FlashBank0Sector13">
		<target>TMS470RDX</target>
		<name>Sector 13 (0x00140000 - 0x0017FFFF)</name>
		<valueType>Boolean</valueType>
		<defaultValue>1</defaultValue>
		<enableIf>
			<property id="FlashEraseSelection">Selected Sectors Only</property>
		</enableIf>
	</property>
	<property id="FlashBank0Sector14">
		<target>TMS470RDX</target>
		<name>Sector 14 (0x00180000 - 0x001BFFFF)</name>
		<valueType>Boolean</valueType>
		<defaultValue>1</defaultValue>
		<enableIf>
			<property id="FlashEraseSelection">Selected Sectors Only</property>
		</enableIf>
	</property>
	<property id="FlashBank0Sector15">
		<target>TMS470RDX</target>
		<name>Sector 15 (0x001C0000 - 0x001FFFFF)</name>
		<valueType>Boolean</valueType>
		<defaultValue>1</defaultValue>
		<enableIf>
			<property id="FlashEraseSelection">Selected Sectors Only</property>
		</enableIf>
	</property>

	<property id="FlashBank1Sector0">
		<target>TMS470RDX</target>
		<name>Sector 0 (0x00200000 - 0x0021FFFF)</name>
		<valueType>Boolean</valueType>
		<defaultValue>1</defaultValue>
		<enableIf>
			<property id="FlashEraseSelection">Selected Sectors Only</property>
		</enableIf>
	</property>
	<property id="FlashBank1Sector1">
		<target>TMS470RDX</target>
		<name>Sector 1 (0x00220000 - 0x0023FFFF)</name>
		<valueType>Boolean</valueType>
		<defaultValue>1</defaultValue>
		<enableIf>
			<property id="FlashEraseSelection">Selected Sectors Only</property>
		</enableIf>
	</property>
	<property id="FlashBank1Sector2">
		<target>TMS470RDX</target>
		<name>Sector 2 (0x00240000 - 0x0025FFFF)</name>
		<valueType>Boolean</valueType>
		<defaultValue>1</defaultValue>
		<enableIf>
			<property id="FlashEraseSelection">Selected Sectors Only</property>
		</enableIf>
	</property>
	<property id="FlashBank1Sector3">
		<target>TMS470RDX</target>
		<name>Sector 3 (0x00260000 - 0x0027FFFF)</name>
		<valueType>Boolean</valueType>
		<defaultValue>1</defaultValue>
		<enableIf>
			<property id="FlashEraseSelection">Selected Sectors Only</property>
		</enableIf>
	</property>
	<property id="FlashBank1Sector4">
		<target>TMS470RDX</target>
		<name>Sector 4 (0x00280000 - 0x0029FFFF)</name>
		<valueType>Boolean</valueType>
		<defaultValue>1</defaultValue>
		<enableIf>
			<property id="FlashEraseSelection">Selected Sectors Only</property>
		</enableIf>
	</property>
	<property id="FlashBank1Sector5">
		<target>TMS470RDX</target>
		<name>Sector 5 (0x002A0000 - 0x002BFFFF)</name>
		<valueType>Boolean</valueType>
		<defaultValue>1</defaultValue>
		<enableIf>
			<property id="FlashEraseSelection">Selected Sectors Only</property>
		</enableIf>
	</property>
	<property id="FlashBank1Sector6">
		<target>TMS470RDX</target>
		<name>Sector 6 (0x002C0000 - 0x002DFFFF)</name>
		<valueType>Boolean</valueType>
		<defaultValue>1</defaultValue>
		<enableIf>
			<property id="FlashEraseSelection">Selected Sectors Only</property>
		</enableIf>
	</property>
	<property id="FlashBank1Sector7">
		<target>TMS470RDX</target>
		<name>Sector 7 (0x002E0000 - 0x002FFFFF)</name>
		<valueType>Boolean</valueType>
		<defaultValue>1</defaultValue>
		<enableIf>
			<property id="FlashEraseSelection">Selected Sectors Only</property>
		</enableIf>
	</property>
	<property id="FlashBank1Sector8">
		<target>TMS470RDX</target>
		<name>Sector 8 (0x00300000 - 0x0031FFFF)</name>
		<valueType>Boolean</valueType>
		<defaultValue>1</defaultValue>
		<enableIf>
			<property id="FlashEraseSelection">Selected Sectors Only</property>
		</enableIf>
	</property>
	<property id="FlashBank1Sector9">
		<target>TMS470RDX</target>
		<name>Sector 9 (0x00320000 - 0x0033FFFF)</name>
		<valueType>Boolean</valueType>
		<defaultValue>1</defaultValue>
		<enableIf>
			<property id="FlashEraseSelection">Selected Sectors Only</property>
		</enableIf>
	</property>
	<property id="FlashBank1Sector10">
		<target>TMS470RDX</target>
		<name>Sector 10 (0x00340000 - 0x0035FFFF)</name>
		<valueType>Boolean</valueType>
		<defaultValue>1</defaultValue>
		<enableIf>
			<property id="FlashEraseSelection">Selected Sectors Only</property>
		</enableIf>
	</property>
	<property id="FlashBank1Sector11">
		<target>TMS470RDX</target>
		<name>Sector 11 (0x00360000 - 0x0037FFFF)</name>
		<valueType>Boolean</valueType>
		<defaultValue>1</defaultValue>
		<enableIf>
			<property id="FlashEraseSelection">Selected Sectors Only</property>
		</enableIf>
	</property>
	<property id="FlashBank1Sector12">
		<target>TMS470RDX</target>
		<name>Sector 12 (0x00380000 - 0x0039FFFF)</name>
		<valueType>Boolean</valueType>
		<defaultValue>1</defaultValue>
		<enableIf>
			<property id="FlashEraseSelection">Selected Sectors Only</property>
		</enableIf>
	</property>
	<property id="FlashBank1Sector13">
		<target>TMS470RDX</target>
		<name>Sector 13 (0x003A0000 - 0x003BFFFF)</name>
		<valueType>Boolean</valueType>
		<defaultValue>1</defaultValue>
		<enableIf>
			<property id="FlashEraseSelection">Selected Sectors Only</property>
		</enableIf>
	</property>
	<property id="FlashBank1Sector14">
		<target>TMS470RDX</target>
		<name>Sector 14 (0x003C0000 - 0x003DFFFF)</name>
		<valueType>Boolean</valueType>
		<defaultValue>1</defaultValue>
		<enableIf>
			<property id="FlashEraseSelection">Selected Sectors Only</property>
		</enableIf>
	</property>
	<property id="FlashBank1Sector15">
		<target>TMS470RDX</target>
		<name>Sector 15 (0x003E0000 - 0x003FFFFF)</name>
		<valueType>Boolean</valueType>
		<defaultValue>1</defaultValue>
		<enableIf>
			<property id="FlashEraseSelection">Selected Sectors Only</property>
		</enableIf>
	</property>

	<property id="FlashBank7Sector0">
		<target>TMS470RDX</target>
		<name>Sector 0 (0xF0200000 - 0xF0200FFF)</name>
		<valueType>Boolean</valueType>
		<defaultValue>1</defaultValue>
		<enableIf>
			<property id="FlashEraseSelection">Selected Sectors Only</property>
		</enableIf>
	</property>
	<property id="FlashBank7Sector1">
		<target>TMS470RDX</target>
		<name>Sector 1 (0xF0201000 - 0xF0201FFF)</name>
		<valueType>Boolean</valueType>
		<defaultValue>1</defaultValue>
		<enableIf>
			<property id="FlashEraseSelection">Selected Sectors Only</property>
		</enableIf>
	</property>
	<property id="FlashBank7Sector2">
		<target>TMS470RDX</target>
		<name>Sector 2 (0xF0202000 - 0xF0202FFF)</name>
		<valueType>Boolean</valueType>
		<defaultValue>1</defaultValue>
		<enableIf>
			<property id="FlashEraseSelection">Selected Sectors Only</property>
		</enableIf>
	</property>
	<property id="FlashBank7Sector3">
		<target>TMS470RDX</target>
		<name>Sector 3 (0xF0203000 - 0xF0203FFF)</name>
		<valueType>Boolean</valueType>
		<defaultValue>1</defaultValue>
		<enableIf>
			<property id="FlashEraseSelection">Selected Sectors Only</property>
		</enableIf>
	</property>
	<property id="FlashBank7Sector4">
		<target>TMS470RDX</target>
		<name>Sector 4 (0xF0204000 - 0xF0204FFF)</name>
		<valueType>Boolean</valueType>
		<defaultValue>1</defaultValue>
		<enableIf>
			<property id="FlashEraseSelection">Selected Sectors Only</property>
		</enableIf>
	</property>
	<property id="FlashBank7Sector5">
		<target>TMS470RDX</target>
		<name>Sector 5 (0xF0205000 - 0xF0205FFF)</name>
		<valueType>Boolean</valueType>
		<defaultValue>1</defaultValue>
		<enableIf>
			<property id="FlashEraseSelection">Selected Sectors Only</property>
		</enableIf>
	</property>
	<property id="FlashBank7Sector6">
		<target>TMS470RDX</target>
		<name>Sector 6 (0xF0206000 - 0xF0206FFF)</name>
		<valueType>Boolean</valueType>
		<defaultValue>1</defaultValue>
		<enableIf>
			<property id="FlashEraseSelection">Selected Sectors Only</property>
		</enableIf>
	</property>
	<property id="FlashBank7Sector7">
		<target>TMS470RDX</target>
		<name>Sector 7 (0xF0207000 - 0xF0207FFF)</name>
		<valueType>Boolean</valueType>
		<defaultValue>1</defaultValue>
		<enableIf>
			<property id="FlashEraseSelection">Selected Sectors Only</property>
		</enableIf>
	</property>
	<property id="FlashBank7Sector8">
		<target>TMS470RDX</target>
		<name>Sector 8 (0xF0208000 - 0xF0208FFF)</name>
		<valueType>Boolean</valueType>
		<defaultValue>1</defaultValue>
		<enableIf>
			<property id="FlashEraseSelection">Selected Sectors Only</property>
		</enableIf>
	</property>
	<property id="FlashBank7Sector9">
		<target>TMS470RDX</target>
		<name>Sector 9 (0xF0209000 - 0xF0209FFF)</name>
		<valueType>Boolean</valueType>
		<defaultValue>1</defaultValue>
		<enableIf>
			<property id="FlashEraseSelection">Selected Sectors Only</property>
		</enableIf>
	</property>
	<property id="FlashBank7Sector10">
		<target>TMS470RDX</target>
		<name>Sector 10 (0xF020A000 - 0xF020AFFF)</name>
		<valueType>Boolean</valueType>
		<defaultValue>1</defaultValue>
		<enableIf>
			<property id="FlashEraseSelection">Selected Sectors Only</property>
		</enableIf>
	</property>
	<property id="FlashBank7Sector11">
		<target>TMS470RDX</target>
		<name>Sector 11 (0xF020B000 - 0xF020BFFF)</name>
		<valueType>Boolean</valueType>
		<defaultValue>1</defaultValue>
		<enableIf>
			<property id="FlashEraseSelection">Selected Sectors Only</property>
		</enableIf>
	</property>
	<property id="FlashBank7Sector12">
		<target>TMS470RDX</target>
		<name>Sector 12 (0xF020C000 - 0xF020CFFF)</name>
		<valueType>Boolean</valueType>
		<defaultValue>1</defaultValue>
		<enableIf>
			<property id="FlashEraseSelection">Selected Sectors Only</property>
		</enableIf>
	</property>
	<property id="FlashBank7Sector13">
		<target>TMS470RDX</target>
		<name>Sector 13 (0xF020D000 - 0xF020DFFF)</name>
		<valueType>Boolean</valueType>
		<defaultValue>1</defaultValue>
		<enableIf>
			<property id="FlashEraseSelection">Selected Sectors Only</property>
		</enableIf>
	</property>
	<property id="FlashBank7Sector14">
		<target>TMS470RDX</target>
		<name>Sector 14 (0xF020E000 - 0xF020EFFF)</name>
		<valueType>Boolean</valueType>
		<defaultValue>1</defaultValue>
		<enableIf>
			<property id="FlashEraseSelection">Selected Sectors Only</property>
		</enableIf>
	</property>
	<property id="FlashBank7Sector15">
		<target>TMS470RDX</target>
		<name>Sector 15 (0xF020F000 - 0xF020FFFF)</name>
		<valueType>Boolean</valueType>
		<defaultValue>1</defaultValue>
		<enableIf>
			<property id="FlashEraseSelection">Selected Sectors Only</property>
		</enableIf>
	</property>
	<property id="FlashBank7Sector16">
		<target>TMS470RDX</target>
		<name>Sector 16 (0xF0210000 - 0xF0210FFF)</name>
		<valueType>Boolean</valueType>
		<defaultValue>1</defaultValue>
		<enableIf>
			<property id="FlashEraseSelection">Selected Sectors Only</property>
		</enableIf>
	</property>
	<property id="FlashBank7Sector17">
		<target>TMS470RDX</target>
		<name>Sector 17 (0xF0211000 - 0xF0211FFF)</name>
		<valueType>Boolean</valueType>
		<defaultValue>1</defaultValue>
		<enableIf>
			<property id="FlashEraseSelection">Selected Sectors Only</property>
		</enableIf>
	</property>
	<property id="FlashBank7Sector18">
		<target>TMS470RDX</target>
		<name>Sector 18 (0xF0212000 - 0xF0212FFF)</name>
		<valueType>Boolean</valueType>
		<defaultValue>1</defaultValue>
		<enableIf>
			<property id="FlashEraseSelection">Selected Sectors Only</property>
		</enableIf>
	</property>
	<property id="FlashBank7Sector19">
		<target>TMS470RDX</target>
		<name>Sector 19 (0xF0213000 - 0xF0213FFF)</name>
		<valueType>Boolean</valueType>
		<defaultValue>1</defaultValue>
		<enableIf>
			<property id="FlashEraseSelection">Selected Sectors Only</property>
		</enableIf>
	</property>
	<property id="FlashBank7Sector20">
		<target>TMS470RDX</target>
		<name>Sector 20 (0xF0214000 - 0xF0214FFF)</name>
		<valueType>Boolean</valueType>
		<defaultValue>1</defaultValue>
		<enableIf>
			<property id="FlashEraseSelection">Selected Sectors Only</property>
		</enableIf>
	</property>
	<property id="FlashBank7Sector21">
		<target>TMS470RDX</target>
		<name>Sector 21 (0xF0215000 - 0xF0215FFF)</name>
		<valueType>Boolean</valueType>
		<defaultValue>1</defaultValue>
		<enableIf>
			<property id="FlashEraseSelection">Selected Sectors Only</property>
		</enableIf>
	</property>
	<property id="FlashBank7Sector22">
		<target>TMS470RDX</target>
		<name>Sector 22 (0xF0216000 - 0xF0216FFF)</name>
		<valueType>Boolean</valueType>
		<defaultValue>1</defaultValue>
		<enableIf>
			<property id="FlashEraseSelection">Selected Sectors Only</property>
		</enableIf>
	</property>
	<property id="FlashBank7Sector23">
		<target>TMS470RDX</target>
		<name>Sector 23 (0xF0217000 - 0xF0217FFF)</name>
		<valueType>Boolean</valueType>
		<defaultValue>1</defaultValue>
		<enableIf>
			<property id="FlashEraseSelection">Selected Sectors Only</property>
		</enableIf>
	</property>
	<property id="FlashBank7Sector24">
		<target>TMS470RDX</target>
		<name>Sector 24 (0xF0218000 - 0xF0218FFF)</name>
		<valueType>Boolean</valueType>
		<defaultValue>1</defaultValue>
		<enableIf>
			<property id="FlashEraseSelection">Selected Sectors Only</property>
		</enableIf>
	</property>
	<property id="FlashBank7Sector25">
		<target>TMS470RDX</target>
		<name>Sector 25 (0xF0219000 - 0xF0219FFF)</name>
		<valueType>Boolean</valueType>
		<defaultValue>1</defaultValue>
		<enableIf>
			<property id="FlashEraseSelection">Selected Sectors Only</property>
		</enableIf>
	</property>
	<property id="FlashBank7Sector26">
		<target>TMS470RDX</target>
		<name>Sector 26 (0xF021A000 - 0xF021AFFF)</name>
		<valueType>Boolean</valueType>
		<defaultValue>1</defaultValue>
		<enableIf>
			<property id="FlashEraseSelection">Selected Sectors Only</property>
		</enableIf>
	</property>
	<property id="FlashBank7Sector27">
		<target>TMS470RDX</target>
		<name>Sector 27 (0xF021B000 - 0xF021BFFF)</name>
		<valueType>Boolean</valueType>
		<defaultValue>1</defaultValue>
		<enableIf>
			<property id="FlashEraseSelection">Selected Sectors Only</property>
		</enableIf>
	</property>
	<property id="FlashBank7Sector28">
		<target>TMS470RDX</target>
		<name>Sector 28 (0xF021C000 - 0xF021CFFF)</name>
		<valueType>Boolean</valueType>
		<defaultValue>1</defaultValue>
		<enableIf>
			<property id="FlashEraseSelection">Selected Sectors Only</property>
		</enableIf>
	</property>
	<property id="FlashBank7Sector29">
		<target>TMS470RDX</target>
		<name>Sector 29 (0xF021D000 - 0xF021DFFF)</name>
		<valueType>Boolean</valueType>
		<defaultValue>1</defaultValue>
		<enableIf>
			<property id="FlashEraseSelection">Selected Sectors Only</property>
		</enableIf>
	</property>
	<property id="FlashBank7Sector30">
		<target>TMS470RDX</target>
		<name>Sector 30 (0xF021E000 - 0xF021EFFF)</name>
		<valueType>Boolean</valueType>
		<defaultValue>1</defaultValue>
		<enableIf>
			<property id="FlashEraseSelection">Selected Sectors Only</property>
		</enableIf>
	</property>
	<property id="FlashBank7Sector31">
		<target>TMS470RDX</target>
		<name>Sector 31 (0xF021F000 - 0xF021FFFF)</name>
		<valueType>Boolean</valueType>
		<defaultValue>1</defaultValue>
		<enableIf>
			<property id="FlashEraseSelection">Selected Sectors Only</property>
		</enableIf>
	</property>
	<property id="FlashToggleBank0">
		<target>TMS470RDX</target>
		<name>Toggle Bank 0 Selection</name>
		<valueType>Button</valueType>
		<enableIf>
			<property id="FlashEraseSelection">Selected Sectors Only</property>
		</enableIf>
		<action>for( var i = 0; DPActiveDebugSession.options.optionExist( "FlashBank0Sector" + i ); ++i ) { DPActiveDebugSession.options.setBoolean( "FlashBank0Sector" + i, !DPActiveDebugSession.options.getBoolean( "FlashBank0Sector" + i ) ); }</action>
	</property>
	<property id="FlashToggleBank1">
		<target>TMS470RDX</target>
		<name>Toggle Bank 1 Selection</name>
		<valueType>Button</valueType>
		<enableIf>
			<property id="FlashEraseSelection">Selected Sectors Only</property>
		</enableIf>
		<action>for( var i = 0; DPActiveDebugSession.options.optionExist( "FlashBank1Sector" + i ); ++i ) { DPActiveDebugSession.options.setBoolean( "FlashBank1Sector" + i, !DPActiveDebugSession.options.getBoolean( "FlashBank1Sector" + i ) ); }</action>
	</property>
	<property id="FlashToggleBank7">
		<target>TMS470RDX</target>
		<name>Toggle Bank 7 Selection</name>
		<valueType>Button</valueType>
		<enableIf>
			<property id="FlashEraseSelection">Selected Sectors Only</property>
		</enableIf>
		<action>for( var i = 0; DPActiveDebugSession.options.optionExist( "FlashBank7Sector" + i ); ++i ) { DPActiveDebugSession.options.setBoolean( "FlashBank7Sector" + i, !DPActiveDebugSession.options.getBoolean( "FlashBank7Sector" + i ) ); }</action>
	</property>
	
	<property id="FlashEraseButton">
		<target>TMS470RDX</target>
		<name>Erase Flash</name>
		<valueType>Button</valueType>
		<disableIf>
			<property id="FlashEraseSelection">Necessary Sectors Only (for Program Load)</property>
		</disableIf>
		<action>DPActiveDebugSession.flash.performOperation("Erase")</action>
	</property>
	
	<property id="FlashAlignCombineToggle">
		<target>TMS470RDX</target>
		<name>Align program segments to 64-bit memory regions (for ECC calculation)</name>
		<valueType>Boolean</valueType>
		<defaultValue>1</defaultValue>
	</property>
	
	<property id="FlashAlignmentSize">
		<target>TMS470RDX</target>
		<name>Alignment Size: 0x</name>
		<valueType>String</valueType>
		<defaultValue>8</defaultValue>
		<hidden />
	</property>
	
	<!-- fin -->
</PropertyList>
