<?xml version="1.0" encoding="UTF-8"?>
<register_ids id="CortexR" XML_version="2.0">

	<register_id id="R0" value="512" address="0" page="0" />
	<register_id id="R1" value="513" address="0" page="0" />
	<register_id id="R2" value="514" address="0" page="0" />
	<register_id id="R3" value="515" address="0" page="0" />
	<register_id id="R4" value="516" address="0" page="0" />
	<register_id id="R5" value="517" address="0" page="0" />
	<register_id id="R6" value="518" address="0" page="0" />
	<register_id id="R7" value="519" address="0" page="0" />
	<register_id id="R8" value="520" address="0" page="0" />
	<register_id id="R9" value="521" address="0" page="0" />
	<register_id id="R10" value="522" address="0" page="0" />
	<register_id id="R11" value="523" address="0" page="0" />
	<register_id id="R12" value="524" address="0" page="0" />
	<register_id id="R13" value="525" address="0" page="0" />
	<register_id id="R14" value="526" address="0" page="0" />
	<register_id id="R15" value="527" address="0" page="0" />
    <register_id id="R8_USER" value="0x288" address="0" page="0" />
	<register_id id="R9_USER" value="0x289" address="0" page="0" />
	<register_id id="R10_USER" value="0x28a" address="0" page="0" />
	<register_id id="R11_USER" value="0x28b" address="0" page="0" />
	<register_id id="R12_USER" value="0x28c" address="0" page="0" />
	<register_id id="R13_USER" value="0x28d" address="0" page="0" />
	<register_id id="R14_USER" value="0x28e" address="0" page="0" />
	<register_id id="R13_SVC" value="621" address="0" page="0" />
	<register_id id="R14_SVC" value="622" address="0" page="0" />
	<register_id id="R13_ABT" value="749" address="0" page="0" />
	<register_id id="R14_ABT" value="750" address="0" page="0" />
	<register_id id="R13_UND" value="877" address="0" page="0" />
	<register_id id="R14_UND" value="878" address="0" page="0" />
	<register_id id="R13_IRQ" value="589" address="0" page="0" />
	<register_id id="R14_IRQ" value="590" address="0" page="0" />
	<register_id id="R8_FIQ" value="552" address="0" page="0" />
	<register_id id="R9_FIQ" value="553" address="0" page="0" />
	<register_id id="R10_FIQ" value="554" address="0" page="0" />
	<register_id id="R11_FIQ" value="555" address="0" page="0" />
	<register_id id="R12_FIQ" value="556" address="0" page="0" />
	<register_id id="R13_FIQ" value="557" address="0" page="0" />
	<register_id id="R14_FIQ" value="558" address="0" page="0" />
	<register_id id="CPSR" value="528" address="0" page="0" />
	<register_id id="SPSR_SVC" value="4194929" address="0" page="0" />
	<register_id id="SPSR_ABT" value="4195057" address="0" page="0" />
	<register_id id="SPSR_UND" value="4195185" address="0" page="0" />
	<register_id id="SPSR_IRQ" value="4194897" address="0" page="0" />
	<register_id id="SPSR_FIQ" value="4194865" address="0" page="0" />
	<register_id id="AP" value="519" address="0" page="0" />
	<register_id id="SP" value="525" address="0" page="0" />
	<register_id id="FP" value="525" address="0" page="0" />
	<register_id id="PC"  value="527" address="0" page="0" />
	<register_id id="CLK" value="1610612742" address="0" page="0" />
	<register_id id="R13_MON" value="717" address="0" page="0" />
	<register_id id="R14_MON" value="718" address="0" page="0" />
	<register_id id="SPSR_MON" value="4195025" address="0" page="0" />
	<register_id id="LR" value="0x20e" address="0" page="0" />
	<register_id id="F0" value="0x200" address="0" page="0" />
	<register_id id="F1" value="0x201" address="0" page="0" />
	<register_id id="F2" value="0x202" address="0" page="0" />
	<register_id id="F3" value="0x203" address="0" page="0" />
	<register_id id="F4" value="0x204" address="0" page="0" />
	<register_id id="F5" value="0x205" address="0" page="0" />
	<register_id id="F6" value="0x206" address="0" page="0" />
	<register_id id="F7" value="0x207" address="0" page="0" />
	<register_id id="F8" value="0x208" address="0" page="0" />
	<register_id id="F9" value="0x209" address="0" page="0" />
	<register_id id="F10" value="0x20a" address="0" page="0" />
	<register_id id="F11" value="0x20b" address="0" page="0" />
	<register_id id="F12" value="0x20c" address="0" page="0" />
	<register_id id="F13" value="0x20d" address="0" page="0" />
	<register_id id="F14" value="0x20e" address="0" page="0" />
	<register_id id="F15" value="0x20f" address="0" page="0" />
	<register_id id="D0" value="0x200" address="0" page="0" />
	<register_id id="D1" value="0x203" address="0" page="0" />
	<register_id id="D2" value="0x205" address="0" page="0" />
	<register_id id="D3" value="0x207" address="0" page="0" />
	<register_id id="D4" value="0x209" address="0" page="0" />
	<register_id id="D5" value="0x20b" address="0" page="0" />
	<register_id id="D6" value="0x20d" address="0" page="0" />
	<register_id id="WP0_ADDR" value="0x62000000" address="0" page="0" />
	<register_id id="WP0_AMASK" value="0x62000001" address="0" page="0" />
	<register_id id="WP0_DATA" value="0x62000002" address="0" page="0" />
	<register_id id="WP0_DMASK" value="0x62000003" address="0" page="0" />
	<register_id id="WP0_CTRL" value="0x62000004" address="0" page="0" />
	<register_id id="WP0_CMASK" value="0x62000005" address="0" page="0" />
	<register_id id="WP1_ADDR" value="0x62000006" address="0" page="0" />
	<register_id id="WP1_AMASK" value="0x62000007" address="0" page="0" />
	<register_id id="WP1_DATA" value="0x62000008" address="0" page="0" />
	<register_id id="WP1_DMASK" value="0x62000009" address="0" page="0" />
	<register_id id="WP1_CTRL" value="0x6200000a" address="0" page="0" />
	<register_id id="WP1_CMASK" value="0x6200000b" address="0" page="0" />
	<register_id id="EMU_STAT" value="0x6200000c" address="0" page="0" />
	<register_id id="EMU_CNTR" value="0x6200000d" address="0" page="0" />
	<register_id id="EMU_MODE" value="0x6200000e" address="0" page="0" />
	<register_id id="EMU_PCTL" value="0x6200000f" address="0" page="0" />
	<register_id id="ANAENBL" value="0x62000010" address="0" page="0" />
	<register_id id="REG_ENDIAN" value="0x61001002" address="0" page="0" />
	<register_id id="REG_ICECRUSHER" value="0x61001001" address="0" page="0" />
	<register_id id="REG_RTDXENABLE" value="0x61003003" address="0" page="0" />
	<register_id id="SCLK" value="0x63000000" address="0" page="0" />
	<register_id id="NCLK" value="0x63000001" address="0" page="0" />
	<register_id id="ICLK" value="0x63000002" address="0" page="0" />
	<register_id id="CCLK" value="0x63000003" address="0" page="0" />
	<register_id id="FCLK" value="0x63000004" address="0" page="0" />
	<register_id id="NINSTR" value="0x63000005" address="0" page="0" />
	<register_id id="FADDR" value="0x63000006" address="0" page="0" />
	<register_id id="DADDR" value="0x63000007" address="0" page="0" />
	<register_id id="XADDR" value="0x63000008" address="0" page="0" />
	<register_id id="REG_E2ICE_COUNTER0" value="0x60000000" address="0" page="0" />
	<register_id id="REG_E2ICE_COUNTER1" value="0x60000001" address="0" page="0" />
	<register_id id="REG_CP15_TABL_ADDR" value="0x60000002" address="0" page="0" />
	<register_id id="REG_RUN_COUNT" value="0x60000003" address="0" page="0" />
	<register_id id="EMU0_COUNTER" value="0x60000004" address="0" page="0" />
	<register_id id="EMU1_COUNTER" value="0x60000005" address="0" page="0" />
	<register_id id="DCC_DOWNLOAD_ENBL" value="0x61003004" address="0" page="0" />
	<register_id id="DCC_DOWNLOAD_MONITOR_ADD" value="0x61003007" address="0" page="0" />
	<register_id id="REG_DAP_MSG_MASK" value="0x61003008" address="0" page="0" />
	<register_id id="REG_AHB_DOWNLOAD" value="0x61003009" address="0" page="0" />
	<register_id id="REG_DEBUG1" value="0x6100300a" address="0" page="0" />
	<register_id id="REG_DEBUG2" value="0x6100300b" address="0" page="0" />
	<register_id id="REG_VECTOR_CATCH" value="0x60000007" address="0" page="0" />

	<!-- START: Coprocessor 15 Registers based on CortexR4 and CortexR4F TRM, Rev r1p3 -->
      <!-- Refer to section 4.2: System control coprocessor registers.  The order -->
      <!-- of the registers is the same as the order in which they are appear     -->
      <!-- in the Technical Reference Manual (TRM)                                -->

      <register_id id="CP15_ID_CODE" value="0x20001f00" address="0" page="0" />
      <register_id id="CP15_MAIN_ID" value="0x20001f00" address="0" page="0" />
	<register_id id="CP15_CACHE_TYPE" value="0x20001f20" address="0" page="0" />
      <register_id id="CP15_TCM_TYPE" value="0x20001f40" address="0" page="0" />
      <register_id id="CP15_MPU_TYPE" value="0x20001f80" address="0" page="0" />
      <register_id id="CP15_MULTIPROCESSOR_ID" value="0x20001fa0" address="0" page="0" />

	<register_id id="CP15_PROCESSOR_FEATURE_0" value="0x20001f01" address="0" page="0" />
	<register_id id="CP15_PROCESSOR_FEATURE_1" value="0x20001f21" address="0" page="0" />
	<register_id id="CP15_DEBUG_FEATURE_0" value="0x20001f41" address="0" page="0" />
	<register_id id="CP15_AUXILIARY_FEATURE_0" value="0x20001f61" address="0" page="0" />
	<register_id id="CP15_MEMORY_MODEL_FEATURE_0" value="0x20001f81" address="0" page="0" />
	<register_id id="CP15_MEMORY_MODEL_FEATURE_1" value="0x20001fa1" address="0" page="0" />
	<register_id id="CP15_MEMORY_MODEL_FEATURE_2" value="0x20001fc1" address="0" page="0" />
	<register_id id="CP15_MEMORY_MODEL_FEATURE_3" value="0x20001fe1" address="0" page="0" />
	<register_id id="CP15_INSTRUCTION_SET_ATTRIBUTE_0" value="0x20001f02" address="0" page="0" />
	<register_id id="CP15_INSTRUCTION_SET_ATTRIBUTE_1" value="0x20001f22" address="0" page="0" />
	<register_id id="CP15_INSTRUCTION_SET_ATTRIBUTE_2" value="0x20001f42" address="0" page="0" />
	<register_id id="CP15_INSTRUCTION_SET_ATTRIBUTE_3" value="0x20001f62" address="0" page="0" />
	<register_id id="CP15_INSTRUCTION_SET_ATTRIBUTE_4" value="0x20001f82" address="0" page="0" />
	<register_id id="CP15_INSTRUCTION_SET_ATTRIBUTE_5" value="0x20001fa2" address="0" page="0" />

      <register_id id="CP15_CURRENT_CACHE_SIZE_ID" value="0x20201f00" address="0" page="0" />
      <register_id id="CP15_CURRENT_CACHE_LEVEL_ID" value="0x20201f20" address="0" page="0" />
      <register_id id="CP15_CACHE_SIZE_SELECTION" value="0x20401f00" address="0" page="0" />

	<register_id id="CP15_SYSTEM_CONTROL" value="0x20013f00" address="0" page="0" />
	<register_id id="CP15_AUXILIARY_CONTROL" value="0x20013f20" address="0" page="0" />
      <register_id id="CP15_COPROCESSOR_ACCESS" value="0x20013f40" address="0" page="0" />

	<register_id id="CP15_DATA_FAULT_STATUS" value="0x20053f00" address="0" page="0" />
	<register_id id="CP15_INSTRUCTION_FAULT_STATUS" value="0x20053f20" address="0" page="0" />
	<register_id id="CP15_AUX_DATA_FAULT_STATUS" value="0x20053f01" address="0" page="0" />
	<register_id id="CP15_AUX_INSTRUCTION_FAULT_STATUS" value="0x20053f21" address="0" page="0" />

	<register_id id="CP15_DATA_FAULT_ADDRESS" value="0x20063f00" address="0" page="0" />
	<register_id id="CP15_INSTRUCTION_FAULT_ADDRESS" value="0x20063f40" address="0" page="0" />
	<register_id id="CP15_MPU_REGION_BASE_ADDRESS" value="0x20063f01" address="0" page="0" />
	<register_id id="CP15_MPU_REGION_SIZE_ENABLE" value="0x20063f41" address="0" page="0" />
	<register_id id="CP15_MPU_REGION_ACCESS" value="0x20063f81" address="0" page="0" />
	<register_id id="CP15_MPU_REGION_NUMBER" value="0x20063f02" address="0" page="0" />

	<register_id id="CP15_NOP" value="0x20074f80" address="0" page="0" />

	<register_id id="CP15_INVALIDATE_ENTIRE_ICACHE" value="0x20074f05" address="0" page="0" />
      <register_id id="CP15_ICACHE_INVALIDATE_ALL_TO_POU" value="0x20072f25" address="0" page="0" />
      <register_id id="CP15_ICACHE_FLUSH_PREFETCH_BUFFER" value="0x20074f85" address="0" page="0" />
	<register_id id="CP15_ICACHE_INVALIDATE_ENTIRE_BPA" value="0x20074fc5" address="0" page="0" />
      <register_id id="CP15_ICACHE_INVALIDATE_ADDRESS_FROM_BPA" value="0x20072fe5" address="0" page="0" />

      <register_id id="CP15_DCACHE_INVALIDATE_LINE_BY_PHYSICAL_ADDRESS" value="0x20072f26" address="0" page="0" />
      <register_id id="CP15_DCACHE_INVALIDATE_LINE_BY_SETWAY" value="0x20072f46" address="0" page="0" />
      <register_id id="CP15_DCACHE_CLEAN_LINE_BY_PHYSICAL_ADDRESS" value="0x20072f2a" address="0" page="0" />
      <register_id id="CP15_DCACHE_CLEAN_LINE_BY_SETWAY" value="0x20072f4a" address="0" page="0" />
      <register_id id="CP15_DATA_SYNCHRONIZATION_BARRIER" value="0x20074f8a" address="0" page="0" />
      <register_id id="CP15_DATA_MEMORY_BARRIER" value="0x20074faa" address="0" page="0" />

      <register_id id="CP15_DCACHE_CLEAN_BYPATOPOU" value="0x20074f2b" address="0" page="0" />
      <register_id id="CP15_DCACHE_CLEAN_INVALIDATE_LINE_BYPATOPOU" value="0x20072f2e" address="0" page="0" />
      <register_id id="CP15_DCACHE_CLEAN_INVALIDATE_LINE_BY_SETWAY" value="0x20072f4e" address="0" page="0" />

      <register_id id="CP15_TCM_BTCM_REGION" value="0x20093f01" address="0" page="0" />
      <register_id id="CP15_TCM_ATCM_REGION" value="0x20093f21" address="0" page="0" />
      <register_id id="CP15_TCM_TCM_SELECTION" value="0x20091f02" address="0" page="0" />

	<register_id id="CP15_PERFORMANCE_MONITOR_CONTROL" value="0x20093f0c" address="0" page="0" />
	<register_id id="CP15_COUNT_ENABLE_SET" value="0x20093f2c" address="0" page="0" />
	<register_id id="CP15_COUNT_ENABLE_CLEAR" value="0x20093f4c" address="0" page="0" />
	<register_id id="CP15_OVERFLOW_FLAG_STATUS" value="0x20093f6c" address="0" page="0" />
	<register_id id="CP15_SOFTWARE_INCREMENT" value="0x20093f8c" address="0" page="0" />
	<register_id id="CP15_COUNTER_SELECTION" value="0x20093fac" address="0" page="0" />
	<register_id id="CP15_CYCLE_COUNT" value="0x20093f0d" address="0" page="0" />
	<register_id id="CP15_EVENT_SELECTION" value="0x20093f2d" address="0" page="0" />
	<register_id id="CP15_PERFORMANCE_MONITOR_COUNT" value="0x20093f4d" address="0" page="0" />
	<register_id id="CP15_USER_ENABLE" value="0x20093f0e" address="0" page="0" />
	<register_id id="CP15_INTERRUPT_ENABLE_SET" value="0x20093f2e" address="0" page="0" />
	<register_id id="CP15_INTERRUPT_ENABLE_CLEAR" value="0x20093f4e" address="0" page="0" />

      <register_id id="CP15_SLAVE_PORT_CONTROL" value="0x200b1f00" address="0" page="0" />

      <register_id id="CP15_FCSE_PID" value="0x200d3f00" address="0" page="0" />
      <register_id id="CP15_CONTEXT_ID" value="0x200d3f20" address="0" page="0" />
      <register_id id="CP15_USER_READ_WRITE_THREAD_PROCESS_ID" value="0x200d3f40" address="0" page="0" />
      <register_id id="CP15_USER_READ_ONLY_THREAD_PROCESS_ID" value="0x200d3f60" address="0" page="0" />
      <register_id id="CP15_PRIVILEDGED_ONLY_THREAD_PROCESS_ID" value="0x200d3f80" address="0" page="0" />

      <register_id id="CP15_SECONDARY_AUXILIARY_CONTROL" value="0x200f3f00" address="0" page="0" />

      <register_id id="CP15_NVAL_IRQ_ENABLE_SET" value="0x200f3f01" address="0" page="0" />
      <register_id id="CP15_NVAL_FIQ_ENABLE_SET" value="0x200f3f21" address="0" page="0" />
      <register_id id="CP15_NVAL_RESET_ENABLE_SET" value="0x200f3f41" address="0" page="0" />
      <register_id id="CP15_NVAL_DEBUG_REQUEST_ENABLE_SET" value="0x200f3f61" address="0" page="0" />

      <register_id id="CP15_NVAL_IRQ_ENABLE_CLEAR" value="0x200f3f81" address="0" page="0" />
      <register_id id="CP15_NVAL_FIQ_ENABLE_CLEAR" value="0x200f3fa1" address="0" page="0" />
      <register_id id="CP15_NVAL_RESET_ENABLE_CLEAR" value="0x200f3fc1" address="0" page="0" />
      <register_id id="CP15_NVAL_DEBUG_REQUEST_ENABLE_CLEAR" value="0x200f3fe1" address="0" page="0" />

      <register_id id="CP15_BUILD_OPTIONS_1" value="0x200f1f02" address="0" page="0" />
      <register_id id="CP15_BUILD_OPTIONS_2" value="0x200f1f22" address="0" page="0" />
      <register_id id="CP15_CORRECTABLE_FAULT_LOCATION" value="0x200f3f03" address="0" page="0" />
      <register_id id="CP15_INVALIDATE_ALL_DATA_CACHE" value="0x200f2f05" address="0" page="0" />

      <register_id id="CP15_CACHE_SIZE_OVERRIDE" value="0x200f2f0e" address="0" page="0" />

      <!-- END Coprocessor 15 Registers based on CortexR4 and CortexR4F TRM, Rev r1p3 -->

	<register_id id="DAP_DP_ADDR" value="0x67100000" address="0" page="0" />
	<register_id id="DAP_DP_CSW" value="0x67100001" address="0" page="0" />
	<register_id id="DAP_APB_AP_CSW" value="0x67200000" address="0" page="0" />
	<register_id id="DAP_APB_AP_TAR" value="0x67200001" address="0" page="0" />
	<register_id id="DAP_APB_AP_DRW" value="0x67200002" address="0" page="0" />
	<register_id id="DAP_APB_AP_BD0" value="0x67200003" address="0" page="0" />
	<register_id id="DAP_APB_AP_BD1" value="0x67200004" address="0" page="0" />
	<register_id id="DAP_APB_AP_BD2" value="0x67200005" address="0" page="0" />
	<register_id id="DAP_APB_AP_BD3" value="0x67200006" address="0" page="0" />
	<register_id id="DAP_APB_AP_ROM" value="0x67200007" address="0" page="0" />
	<register_id id="DAP_APB_AP_IDR" value="0x67200008" address="0" page="0" />
	<register_id id="DAP_AHB_AP_CSW" value="0x67300000" address="0" page="0" />
	<register_id id="DAP_AHB_AP_TAR" value="0x67300001" address="0" page="0" />
	<register_id id="DAP_AHB_AP_DRW" value="0x67300002" address="0" page="0" />
	<register_id id="DAP_AHB_AP_BD0" value="0x67300003" address="0" page="0" />
	<register_id id="DAP_AHB_AP_BD1" value="0x67300004" address="0" page="0" />
	<register_id id="DAP_AHB_AP_BD2" value="0x67300005" address="0" page="0" />
	<register_id id="DAP_AHB_AP_BD3" value="0x67300006" address="0" page="0" />
	<register_id id="DAP_AHB_AP_ROM" value="0x67300007" address="0" page="0" />
	<register_id id="DAP_AHB_AP_IDR" value="0x67300008" address="0" page="0" />
	<register_id id="REG_DIDR" value="0x6000000a" address="0" page="0" />
	<register_id id="BPWP_VERSION" value="0x64010000" address="0" page="0" />
	<register_id id="BPWP_NUM_BP_AVAILABLE" value="0x64010001" address="0" page="0" />
	<register_id id="BPWP_NUM_BP_WITH_CONTEXT" value="0x64010002" address="0" page="0" />
	<register_id id="BPWP_FIRST_CONTEXT_BP" value="0x64010003" address="0" page="0" />
	<register_id id="BPWP_NUM_WP_AVAILABLE" value="0x64010004" address="0" page="0" />
	<register_id id="BPWP_BP_ADDR0" value="0x64030020" address="0" page="0" />
	<register_id id="BPWP_BP_ADDR1" value="0x64030022" address="0" page="0" />
	<register_id id="BPWP_BP_ADDR2" value="0x64030024" address="0" page="0" />
	<register_id id="BPWP_BP_ADDR3" value="0x64030026" address="0" page="0" />
	<register_id id="BPWP_BP_ADDR4" value="0x64030028" address="0" page="0" />
	<register_id id="BPWP_BP_ADDR5" value="0x6403002a" address="0" page="0" />
	<register_id id="BPWP_BP_ADDR6" value="0x6403002c" address="0" page="0" />
	<register_id id="BPWP_BP_ADDR7" value="0x6403002e" address="0" page="0" />
	<register_id id="BPWP_BP_ADDR8" value="0x64030030" address="0" page="0" />
	<register_id id="BPWP_BP_ADDR9" value="0x64030032" address="0" page="0" />
	<register_id id="BPWP_BP_ADDR10" value="0x64030034" address="0" page="0" />
	<register_id id="BPWP_BP_ADDR11" value="0x64030036" address="0" page="0" />
	<register_id id="BPWP_BP_ADDR12" value="0x64030038" address="0" page="0" />
	<register_id id="BPWP_BP_ADDR13" value="0x6403003a" address="0" page="0" />
	<register_id id="BPWP_BP_ADDR14" value="0x6403003c" address="0" page="0" />
	<register_id id="BPWP_BP_ADDR15" value="0x6403003e" address="0" page="0" />
	<register_id id="BPWP_BP_CNTL0" value="0x64030021" address="0" page="0" />
	<register_id id="BPWP_BP_CNTL1" value="0x64030023" address="0" page="0" />
	<register_id id="BPWP_BP_CNTL2" value="0x64030025" address="0" page="0" />
	<register_id id="BPWP_BP_CNTL3" value="0x64030027" address="0" page="0" />
	<register_id id="BPWP_BP_CNTL4" value="0x64030029" address="0" page="0" />
	<register_id id="BPWP_BP_CNTL5" value="0x6403002b" address="0" page="0" />
	<register_id id="BPWP_BP_CNTL6" value="0x6403002d" address="0" page="0" />
	<register_id id="BPWP_BP_CNTL7" value="0x6403002f" address="0" page="0" />
	<register_id id="BPWP_BP_CNTL8" value="0x64030031" address="0" page="0" />
	<register_id id="BPWP_BP_CNTL9" value="0x64030033" address="0" page="0" />
	<register_id id="BPWP_BP_CNTL10" value="0x64030035" address="0" page="0" />
	<register_id id="BPWP_BP_CNTL11" value="0x64030037" address="0" page="0" />
	<register_id id="BPWP_BP_CNTL12" value="0x64030039" address="0" page="0" />
	<register_id id="BPWP_BP_CNTL13" value="0x6403003b" address="0" page="0" />
	<register_id id="BPWP_BP_CNTL14" value="0x6403003d" address="0" page="0" />
	<register_id id="BPWP_BP_CNTL15" value="0x6403003f" address="0" page="0" />
	<register_id id="BPWP_WP_ADDR0" value="0x64030040" address="0" page="0" />
	<register_id id="BPWP_WP_ADDR1" value="0x64030042" address="0" page="0" />
	<register_id id="BPWP_WP_ADDR2" value="0x64030044" address="0" page="0" />
	<register_id id="BPWP_WP_ADDR3" value="0x64030046" address="0" page="0" />
	<register_id id="BPWP_WP_ADDR4" value="0x64030048" address="0" page="0" />
	<register_id id="BPWP_WP_ADDR5" value="0x6403004a" address="0" page="0" />
	<register_id id="BPWP_WP_ADDR6" value="0x6403004c" address="0" page="0" />
	<register_id id="BPWP_WP_ADDR7" value="0x6403004e" address="0" page="0" />
	<register_id id="BPWP_WP_ADDR8" value="0x64030050" address="0" page="0" />
	<register_id id="BPWP_WP_ADDR9" value="0x64030052" address="0" page="0" />
	<register_id id="BPWP_WP_ADDR10" value="0x64030054" address="0" page="0" />
	<register_id id="BPWP_WP_ADDR11" value="0x64030056" address="0" page="0" />
	<register_id id="BPWP_WP_ADDR12" value="0x64030058" address="0" page="0" />
	<register_id id="BPWP_WP_ADDR13" value="0x6403005a" address="0" page="0" />
	<register_id id="BPWP_WP_ADDR14" value="0x6403005c" address="0" page="0" />
	<register_id id="BPWP_WP_ADDR15" value="0x6403005e" address="0" page="0" />
	<register_id id="BPWP_WP_CNTL0" value="0x64030041" address="0" page="0" />
	<register_id id="BPWP_WP_CNTL1" value="0x64030043" address="0" page="0" />
	<register_id id="BPWP_WP_CNTL2" value="0x64030045" address="0" page="0" />
	<register_id id="BPWP_WP_CNTL3" value="0x64030047" address="0" page="0" />
	<register_id id="BPWP_WP_CNTL4" value="0x64030049" address="0" page="0" />
	<register_id id="BPWP_WP_CNTL5" value="0x6403004b" address="0" page="0" />
	<register_id id="BPWP_WP_CNTL6" value="0x6403004d" address="0" page="0" />
	<register_id id="BPWP_WP_CNTL7" value="0x6403004f" address="0" page="0" />
	<register_id id="BPWP_WP_CNTL8" value="0x64030051" address="0" page="0" />
	<register_id id="BPWP_WP_CNTL9" value="0x64030053" address="0" page="0" />
	<register_id id="BPWP_WP_CNTL10" value="0x64030055" address="0" page="0" />
	<register_id id="BPWP_WP_CNTL11" value="0x64030057" address="0" page="0" />
	<register_id id="BPWP_WP_CNTL12" value="0x64030059" address="0" page="0" />
	<register_id id="BPWP_WP_CNTL13" value="0x6403005b" address="0" page="0" />
	<register_id id="BPWP_WP_CNTL14" value="0x6403005d" address="0" page="0" />
	<register_id id="BPWP_WP_CNTL15" value="0x6403005f" address="0" page="0" />
	<register_id id="REG_ANALYSIS_EVENT_STATUS" value="0x6000000b" address="0" page="0" />
	<register_id id="REG_FOR_CTI_WORKAROUND" value="0x6000000c" address="0" page="0" />
	<register_id id="FPSID" value="0x20e01a00" address="0" page="0" />
	<register_id id="FPSCR" value="0x20e13a00" address="0" page="0" />
	<register_id id="FPEXC" value="0x20e83a00" address="0" page="0" />
	<register_id id="MVFR0" value="0x20e61a00" address="0" page="0" />
	<register_id id="MVFR1" value="0x20e71a00" address="0" page="0" />
	<register_id id="VFP_SYSTEM_FPSID" value="0x20e01a00" address="0" page="0" />
	<register_id id="VFP_SYSTEM_FPSCR" value="0x20e13a00" address="0" page="0" />
	<register_id id="VFP_SYSTEM_FPEXC" value="0x20e83a00" address="0" page="0" />
	<register_id id="VFP_SYSTEM_MVFR0" value="0x20e71a00" address="0" page="0" />
	<register_id id="VFP_SYSTEM_MVFR1" value="0x20e61a00" address="0" page="0" />
	<register_id id="VFP_SP_S0" value="0x20003a00" address="0" page="0" />
	<register_id id="VFP_SP_S1" value="0x20003a80" address="0" page="0" />
	<register_id id="VFP_SP_S2" value="0x20013a00" address="0" page="0" />
	<register_id id="VFP_SP_S3" value="0x20013a80" address="0" page="0" />
	<register_id id="VFP_SP_S4" value="0x20023a00" address="0" page="0" />
	<register_id id="VFP_SP_S5" value="0x20023a80" address="0" page="0" />
	<register_id id="VFP_SP_S6" value="0x20033a00" address="0" page="0" />
	<register_id id="VFP_SP_S7" value="0x20033a80" address="0" page="0" />
	<register_id id="VFP_SP_S8" value="0x20043a00" address="0" page="0" />
	<register_id id="VFP_SP_S9" value="0x20043a80" address="0" page="0" />
	<register_id id="VFP_SP_S10" value="0x20053a00" address="0" page="0" />
	<register_id id="VFP_SP_S11" value="0x20053a80" address="0" page="0" />
	<register_id id="VFP_SP_S12" value="0x20063a00" address="0" page="0" />
	<register_id id="VFP_SP_S13" value="0x20063a80" address="0" page="0" />
	<register_id id="VFP_SP_S14" value="0x20073a00" address="0" page="0" />
	<register_id id="VFP_SP_S15" value="0x20073a80" address="0" page="0" />
	<register_id id="VFP_SP_S16" value="0x20083a00" address="0" page="0" />
	<register_id id="VFP_SP_S17" value="0x20083a80" address="0" page="0" />
	<register_id id="VFP_SP_S18" value="0x20093a00" address="0" page="0" />
	<register_id id="VFP_SP_S19" value="0x20093a80" address="0" page="0" />
	<register_id id="VFP_SP_S20" value="0x200a3a00" address="0" page="0" />
	<register_id id="VFP_SP_S21" value="0x200a3a80" address="0" page="0" />
	<register_id id="VFP_SP_S22" value="0x200b3a00" address="0" page="0" />
	<register_id id="VFP_SP_S23" value="0x200b3a80" address="0" page="0" />
	<register_id id="VFP_SP_S24" value="0x200c3a00" address="0" page="0" />
	<register_id id="VFP_SP_S25" value="0x200c3a80" address="0" page="0" />
	<register_id id="VFP_SP_S26" value="0x200d3a00" address="0" page="0" />
	<register_id id="VFP_SP_S27" value="0x200d3a80" address="0" page="0" />
	<register_id id="VFP_SP_S28" value="0x200e3a00" address="0" page="0" />
	<register_id id="VFP_SP_S29" value="0x200e3a80" address="0" page="0" />
	<register_id id="VFP_SP_S30" value="0x200f3a00" address="0" page="0" />
	<register_id id="VFP_SP_S31" value="0x200f3a80" address="0" page="0" />
	<register_id id="VFP_DP_D0_L" value="0x20003b00" address="0" page="0" />
	<register_id id="VFP_DP_D0_H" value="0x20203b00" address="0" page="0" />
	<register_id id="VFP_DP_D1_L" value="0x20013b00" address="0" page="0" />
	<register_id id="VFP_DP_D1_H" value="0x20213b00" address="0" page="0" />
	<register_id id="VFP_DP_D2_L" value="0x20023b00" address="0" page="0" />
	<register_id id="VFP_DP_D2_H" value="0x20223b00" address="0" page="0" />
	<register_id id="VFP_DP_D3_L" value="0x20033b00" address="0" page="0" />
	<register_id id="VFP_DP_D3_H" value="0x20233b00" address="0" page="0" />
	<register_id id="VFP_DP_D4_L" value="0x20043b00" address="0" page="0" />
	<register_id id="VFP_DP_D4_H" value="0x20243b00" address="0" page="0" />
	<register_id id="VFP_DP_D5_L" value="0x20053b00" address="0" page="0" />
	<register_id id="VFP_DP_D5_H" value="0x20253b00" address="0" page="0" />
	<register_id id="VFP_DP_D6_L" value="0x20063b00" address="0" page="0" />
	<register_id id="VFP_DP_D6_H" value="0x20263b00" address="0" page="0" />
	<register_id id="VFP_DP_D7_L" value="0x20073b00" address="0" page="0" />
	<register_id id="VFP_DP_D7_H" value="0x20273b00" address="0" page="0" />
	<register_id id="VFP_DP_D8_L" value="0x20083b00" address="0" page="0" />
	<register_id id="VFP_DP_D8_H" value="0x20283b00" address="0" page="0" />
	<register_id id="VFP_DP_D9_L" value="0x20093b00" address="0" page="0" />
	<register_id id="VFP_DP_D9_H" value="0x20293b00" address="0" page="0" />
	<register_id id="VFP_DP_D10_L" value="0x200a3b00" address="0" page="0" />
	<register_id id="VFP_DP_D10_H" value="0x202a3b00" address="0" page="0" />
	<register_id id="VFP_DP_D11_L" value="0x200b3b00" address="0" page="0" />
	<register_id id="VFP_DP_D11_H" value="0x202b3b00" address="0" page="0" />
	<register_id id="VFP_DP_D12_L" value="0x200c3b00" address="0" page="0" />
	<register_id id="VFP_DP_D12_H" value="0x202c3b00" address="0" page="0" />
	<register_id id="VFP_DP_D13_L" value="0x200d3b00" address="0" page="0" />
	<register_id id="VFP_DP_D13_H" value="0x202d3b00" address="0" page="0" />
	<register_id id="VFP_DP_D14_L" value="0x200e3b00" address="0" page="0" />
	<register_id id="VFP_DP_D14_H" value="0x202e3b00" address="0" page="0" />
	<register_id id="VFP_DP_D15_L" value="0x200f3b00" address="0" page="0" />
	<register_id id="VFP_DP_D15_H" value="0x202f3b00" address="0" page="0" />
	<register_id id="VFP_DP_D0" value="0x20003b00" address="0" page="0" />
	<register_id id="VFP_DP_D1" value="0x20013b00" address="0" page="0" />
	<register_id id="VFP_DP_D2" value="0x20023b00" address="0" page="0" />
	<register_id id="VFP_DP_D3" value="0x20033b00" address="0" page="0" />
	<register_id id="VFP_DP_D4" value="0x20043b00" address="0" page="0" />
	<register_id id="VFP_DP_D5" value="0x20053b00" address="0" page="0" />
	<register_id id="VFP_DP_D6" value="0x20063b00" address="0" page="0" />
	<register_id id="VFP_DP_D7" value="0x20073b00" address="0" page="0" />
	<register_id id="VFP_DP_D8" value="0x20083b00" address="0" page="0" />
	<register_id id="VFP_DP_D9" value="0x20093b00" address="0" page="0" />
	<register_id id="VFP_DP_D10" value="0x200a3b00" address="0" page="0" />
	<register_id id="VFP_DP_D11" value="0x200b3b00" address="0" page="0" />
	<register_id id="VFP_DP_D12" value="0x200c3b00" address="0" page="0" />
	<register_id id="VFP_DP_D13" value="0x200d3b00" address="0" page="0" />
	<register_id id="VFP_DP_D14" value="0x200e3b00" address="0" page="0" />
	<register_id id="VFP_DP_D15" value="0x200f3b00" address="0" page="0" />
    <register_id id="ETM_CONTROL" value="0x20000600" address="0" page="0" />
	<register_id id="ETM_CONFIG" value="0x20010600" address="0" page="0" />
	<register_id id="ETM_TRIG_EVNT" value="0x20020600" address="0" page="0" />
	<register_id id="ETM_ASIC_CONTROL" value="0x20030600" address="0" page="0" />
	<register_id id="ETM_STATUS" value="0x20040600" address="0" page="0" />
	<register_id id="ETM_SYSTEM_CONFIG" value="0x20050600" address="0" page="0" />
	<register_id id="ETM_START_STOP" value="0x20060600" address="0" page="0" />
	<register_id id="ETM_TRACE_ENABLE_CTL2" value="0x20070600" address="0" page="0" />
	<register_id id="ETM_TRACE_ENBL_EVT" value="0x20080600" address="0" page="0" />
	<register_id id="ETM_TRACE_ENBL_RGN" value="0x20090600" address="0" page="0" />
	<register_id id="ETM_FIFO_FULL_RGN" value="0x200a0600" address="0" page="0" />
	<register_id id="ETM_FIFO_FULL_LVL" value="0x200b0600" address="0" page="0" />
	<register_id id="ETM_VIEW_DATA_EVT" value="0x200c0600" address="0" page="0" />
	<register_id id="ETM_VIEW_DATA_CTL1" value="0x200d0600" address="0" page="0" />
	<register_id id="ETM_VIEW_DATA_CTL2" value="0x200e0600" address="0" page="0" />
	<register_id id="ETM_VIEW_DATA_CTL3" value="0x200f0600" address="0" page="0" />
	<register_id id="ETM_ADDR_CMP1" value="0x20100600" address="0" page="0" />
	<register_id id="ETM_ADDR_CMP2" value="0x20110600" address="0" page="0" />
	<register_id id="ETM_ADDR_CMP3" value="0x20120600" address="0" page="0" />
	<register_id id="ETM_ADDR_CMP4" value="0x20130600" address="0" page="0" />
	<register_id id="ETM_ADDR_CMP5" value="0x20140600" address="0" page="0" />
	<register_id id="ETM_ADDR_CMP6" value="0x20150600" address="0" page="0" />
	<register_id id="ETM_ADDR_CMP7" value="0x20160600" address="0" page="0" />
	<register_id id="ETM_ADDR_CMP8" value="0x20170600" address="0" page="0" />
	<register_id id="ETM_ADDR_CMP9" value="0x20180600" address="0" page="0" />
	<register_id id="ETM_ADDR_CMP10" value="0x20190600" address="0" page="0" />
	<register_id id="ETM_ADDR_CMP11" value="0x201a0600" address="0" page="0" />
	<register_id id="ETM_ADDR_CMP12" value="0x201b0600" address="0" page="0" />
	<register_id id="ETM_ADDR_CMP13" value="0x201c0600" address="0" page="0" />
	<register_id id="ETM_ADDR_CMP14" value="0x201d0600" address="0" page="0" />
	<register_id id="ETM_ADDR_CMP15" value="0x201e0600" address="0" page="0" />
	<register_id id="ETM_ADDR_CMP16" value="0x201f0600" address="0" page="0" />
	<register_id id="ETM_ADDR_ACC1" value="0x20200600" address="0" page="0" />
	<register_id id="ETM_ADDR_ACC2" value="0x20210600" address="0" page="0" />
	<register_id id="ETM_ADDR_ACC3" value="0x20220600" address="0" page="0" />
	<register_id id="ETM_ADDR_ACC4" value="0x20230600" address="0" page="0" />
	<register_id id="ETM_ADDR_ACC5" value="0x20240600" address="0" page="0" />
	<register_id id="ETM_ADDR_ACC6" value="0x20250600" address="0" page="0" />
	<register_id id="ETM_ADDR_ACC7" value="0x20260600" address="0" page="0" />
	<register_id id="ETM_ADDR_ACC8" value="0x20270600" address="0" page="0" />
	<register_id id="ETM_ADDR_ACC9" value="0x20280600" address="0" page="0" />
	<register_id id="ETM_ADDR_ACC10" value="0x20290600" address="0" page="0" />
	<register_id id="ETM_ADDR_ACC11" value="0x202a0600" address="0" page="0" />
	<register_id id="ETM_ADDR_ACC12" value="0x202b0600" address="0" page="0" />
	<register_id id="ETM_ADDR_ACC13" value="0x202c0600" address="0" page="0" />
	<register_id id="ETM_ADDR_ACC14" value="0x202d0600" address="0" page="0" />
	<register_id id="ETM_ADDR_ACC15" value="0x202e0600" address="0" page="0" />
	<register_id id="ETM_ADDR_ACC16" value="0x202f0600" address="0" page="0" />
	<register_id id="ETM_DATA_CMP1" value="0x20300600" address="0" page="0" />
	<register_id id="ETM_DATA_CMP2" value="0x20320600" address="0" page="0" />
	<register_id id="ETM_DATA_CMP3" value="0x20340600" address="0" page="0" />
	<register_id id="ETM_DATA_CMP4" value="0x20360600" address="0" page="0" />
	<register_id id="ETM_DATA_CMP5" value="0x20380600" address="0" page="0" />
	<register_id id="ETM_DATA_CMP6" value="0x203a0600" address="0" page="0" />
	<register_id id="ETM_DATA_CMP7" value="0x203c0600" address="0" page="0" />
	<register_id id="ETM_DATA_CMP8" value="0x203e0600" address="0" page="0" />
	<register_id id="ETM_DATA_MSK1" value="0x20400600" address="0" page="0" />
	<register_id id="ETM_DATA_MSK2" value="0x20420600" address="0" page="0" />
	<register_id id="ETM_DATA_MSK3" value="0x20440600" address="0" page="0" />
	<register_id id="ETM_DATA_MSK4" value="0x20460600" address="0" page="0" />
	<register_id id="ETM_DATA_MSK5" value="0x20480600" address="0" page="0" />
	<register_id id="ETM_DATA_MSK6" value="0x204a0600" address="0" page="0" />
	<register_id id="ETM_DATA_MSK7" value="0x204c0600" address="0" page="0" />
	<register_id id="ETM_DATA_MSK8" value="0x204e0600" address="0" page="0" />
	<register_id id="ETM_INIT_CNT1" value="0x20500600" address="0" page="0" />
	<register_id id="ETM_INIT_CNT2" value="0x20510600" address="0" page="0" />
	<register_id id="ETM_INIT_CNT3" value="0x20520600" address="0" page="0" />
	<register_id id="ETM_INIT_CNT4" value="0x20530600" address="0" page="0" />
	<register_id id="ETM_CNT_ENBL1" value="0x20540600" address="0" page="0" />
	<register_id id="ETM_CNT_ENBL2" value="0x20550600" address="0" page="0" />
	<register_id id="ETM_CNT_ENBL3" value="0x20560600" address="0" page="0" />
	<register_id id="ETM_CNT_ENBL4" value="0x20570600" address="0" page="0" />
	<register_id id="ETM_CNT_RELD1" value="0x20580600" address="0" page="0" />
	<register_id id="ETM_CNT_RELD2" value="0x20590600" address="0" page="0" />
	<register_id id="ETM_CNT_RELD3" value="0x205a0600" address="0" page="0" />
	<register_id id="ETM_CNT_RELD4" value="0x205b0600" address="0" page="0" />
	<register_id id="ETM_CNT_VAL1" value="0x205c0600" address="0" page="0" />
	<register_id id="ETM_CNT_VAL2" value="0x205d0600" address="0" page="0" />
	<register_id id="ETM_CNT_VAL3" value="0x205e0600" address="0" page="0" />
	<register_id id="ETM_CNT_VAL4" value="0x205f0600" address="0" page="0" />
	<register_id id="ETM_SEQ_STATE1" value="0x20600600" address="0" page="0" />
	<register_id id="ETM_SEQ_STATE2" value="0x20610600" address="0" page="0" />
	<register_id id="ETM_SEQ_STATE3" value="0x20620600" address="0" page="0" />
	<register_id id="ETM_SEQ_STATE4" value="0x20630600" address="0" page="0" />
	<register_id id="ETM_SEQ_STATE5" value="0x20640600" address="0" page="0" />
	<register_id id="ETM_SEQ_STATE6" value="0x20650600" address="0" page="0" />
	<register_id id="ETM_SEQ_CURRENT" value="0x20670600" address="0" page="0" />
	<register_id id="ETM_EXTN_OUTP1" value="0x20680600" address="0" page="0" />
	<register_id id="ETM_EXTN_OUTP2" value="0x20690600" address="0" page="0" />
	<register_id id="ETM_EXTN_OUTP3" value="0x206a0600" address="0" page="0" />
	<register_id id="ETM_EXTN_OUTP4" value="0x206b0600" address="0" page="0" />
	<register_id id="ETM_CONTEXT_ID_VAL1" value="0x206c0600" address="0" page="0" />
	<register_id id="ETM_CONTEXT_ID_VAL2" value="0x206d0600" address="0" page="0" />
	<register_id id="ETM_CONTEXT_ID_VAL3" value="0x206e0600" address="0" page="0" />
	<register_id id="ETM_CONTEXT_ID_MASK" value="0x206f0600" address="0" page="0" />
	<register_id id="ETM_IMPL_SPEC1" value="0x20700600" address="0" page="0" />
	<register_id id="ETM_IMPL_SPEC2" value="0x20710600" address="0" page="0" />
	<register_id id="ETM_IMPL_SPEC3" value="0x20720600" address="0" page="0" />
	<register_id id="ETM_IMPL_SPEC4" value="0x20730600" address="0" page="0" />
	<register_id id="ETM_IMPL_SPEC5" value="0x20740600" address="0" page="0" />
	<register_id id="ETM_IMPL_SPEC6" value="0x20750600" address="0" page="0" />
	<register_id id="ETM_IMPL_SPEC7" value="0x20760600" address="0" page="0" />
	<register_id id="ETM_IMPL_SPEC8" value="0x20770600" address="0" page="0" />
	<register_id id="ETM_SYNCH_FREQ" value="0x20780600" address="0" page="0" />
	<register_id id="ETM_ID" value="0x20790600" address="0" page="0" />
	<register_id id="ETM_CONFIG_EXT" value="0x207a0600" address="0" page="0" />
	<register_id id="ETM_EXT_INPUT_SEL" value="0x207b0600" address="0" page="0" />
	<register_id id="ETM_TRACE_START_STOP_EICE" value="0x207c0600" address="0" page="0" />
	<register_id id="ETM_EICE_BEHAVE_CONTROL" value="0x207d0600" address="0" page="0" />
	<register_id id="ETM_CS_TRACE_ID" value="0x20800600" address="0" page="0" />
	<register_id id="ETM_OSLOCK_ACCESS" value="0x20c00600" address="0" page="0" />
	<register_id id="ETM_OSLOCK_STATUS" value="0x20c10600" address="0" page="0" />
	<register_id id="ETM_OSSAVE_RESTORE" value="0x20c20600" address="0" page="0" />
	<register_id id="ETM_POWER_DOWN_STATUS" value="0x20c50600" address="0" page="0" />
	<register_id id="ETM_INTG_MODE_CNTL" value="0x23c00600" address="0" page="0" />
	<register_id id="ETM_CLAIM_TAG_SET" value="0x23e80600" address="0" page="0" />
	<register_id id="ETM_CLAIM_TAG_CLEAR" value="0x23e90600" address="0" page="0" />
	<register_id id="ETM_LOCK_ACCESS" value="0x23ec0600" address="0" page="0" />
	<register_id id="ETM_LOCK_STATUS" value="0x23ed0600" address="0" page="0" />
	<register_id id="ETM_AUTHENTICATION" value="0x23ee0600" address="0" page="0" />
	<register_id id="ETM_DEVICE_CONFIG" value="0x23f20600" address="0" page="0" />
	<register_id id="ETM_DEVICE_TYPE" value="0x23f30600" address="0" page="0" />
	<register_id id="ETM_ITMISCOUT" value="0x23b70600" address="0" page="0" />
	<register_id id="ETM_ITMISCIN" value="0x23b80600" address="0" page="0" />
	<register_id id="ETM_ITTRIGGERACK" value="0x23b90600" address="0" page="0" />
	<register_id id="ETM_ITTRIGGERREQ" value="0x23ba0600" address="0" page="0" />
	<register_id id="ETM_ITATBDATA0" value="0x23bb0600" address="0" page="0" />
	<register_id id="ETM_ITATBCTR2" value="0x23bc0600" address="0" page="0" />
	<register_id id="ETM_ITATBCTR1" value="0x23bd0600" address="0" page="0" />
	<register_id id="ETM_ITATBCTR0" value="0x23be0600" address="0" page="0" />
	<register_id id="ETM_PERIPHERAL_ID4" value="0x23f40600" address="0" page="0" />
	<register_id id="ETM_PERIPHERAL_ID5" value="0x23f50600" address="0" page="0" />
	<register_id id="ETM_PERIPHERAL_ID6" value="0x23f60600" address="0" page="0" />
	<register_id id="ETM_PERIPHERAL_ID7" value="0x23f70600" address="0" page="0" />
	<register_id id="ETM_PERIPHERAL_ID0" value="0x23f80600" address="0" page="0" />
	<register_id id="ETM_PERIPHERAL_ID1" value="0x23f90600" address="0" page="0" />
	<register_id id="ETM_PERIPHERAL_ID2" value="0x23fa0600" address="0" page="0" />
	<register_id id="ETM_PERIPHERAL_ID3" value="0x23fb0600" address="0" page="0" />
	<register_id id="ETM_COMPONENT_ID0" value="0x23fc0600" address="0" page="0" />
	<register_id id="ETM_COMPONENT_ID1" value="0x23fd0600" address="0" page="0" />
	<register_id id="ETM_COMPONENT_ID2" value="0x23fe0600" address="0" page="0" />
	<register_id id="ETM_COMPONENT_ID3" value="0x23ff0600" address="0" page="0" />
    <register_id id="REG_DCC_DTR_RX" value="0x6000000d" address="0" page="0" />
    <register_id id="REG_DCC_DTR_TX" value="0x6000000e" address="0" page="0" />
</register_ids>
