<?xml version="1.0"?>
<drivers id="Cortex_R4">
	
    <isa Type="Cortex_R4" ProcID="0x75803400">		
        <driver file="../../../emulation/drivers/libtixds510cortexr.dylib">			
            <connectionType Type="TIXDS510"/>
            <connectionType Type="TIXDS110"/>
            <property Name="Address" Type="numericfield" Value="0x0" NumericType="HEX" UpperBound="0xFFFFFFFF" LowerBound="0" ID="device.address"/>
            <property Name="Access Port Designator" Type="numericfield" Value="0x02000100" NumericType="HEX" UpperBound="0xFFFFFFFF" LowerBound="0" ID="device.identify"/>	
            <property Name="TraceDeviceId" Type="numericfield" Value="0x0" NumericType="HEX" UpperBound="0xFFFFFFFF" LowerBound="0" ID="device.traceId"/>
            <property id="Use Board Reset" Type="hiddenfield" Value="0" />
            <property id="Block Memory Access on Run" Type="hiddenfield" Value="0" />
        </driver>	
    </isa>
    
    <isa Type="Cortex_R5" ProcID="0x75803400">		
        <driver file="../../../emulation/drivers/libtixds510cortexr.dylib">			
            <connectionType Type="TIXDS510"/>
            <connectionType Type="TIXDS110"/>    
            <property Name="Address" Type="numericfield" Value="0x0" NumericType="HEX" UpperBound="0xFFFFFFFF" LowerBound="0" ID="device.address"/>
            <property Name="Access Port Designator" Type="numericfield" Value="0x02000100" NumericType="HEX" UpperBound="0xFFFFFFFF" LowerBound="0" ID="device.identify"/>	
            <property Name="TraceDeviceId" Type="numericfield" Value="0x0" NumericType="HEX" UpperBound="0xFFFFFFFF" LowerBound="0" ID="device.traceId"/>	
            <property id="Use Board Reset" Type="hiddenfield" Value="0" />
            <property id="Block Memory Access on Run" Type="hiddenfield" Value="0" />
        </driver>	
    </isa>

</drivers>
